Create a premium educational illustration based STRICTLY on the official Moroccan Highway Code and Moroccan road-sign regulations.  TOPIC: alert_driver COUNTRY / STANDARD: Morocco 🇲🇦 Use ONLY the Moroccan road-sign system, Moroccan road markings, colors, shapes, proportions, and meanings. DO NOT use French, European, American, or generic international road-sign conventions.  REFERENCE STYLE: Use the attached reference image ONLY as a visual STYLE reference. Match its: - hand-drawn pencil and colored-pencil rendering - visible pencil strokes - subtle cross-hatching - slightly imperfect handmade outlines - flat 2D educational illustration - textured asphalt - natural soft coloring - thick blue rounded-square frame - centered composition - clean driving-school educational icon aesthetic  IMPORTANT — MOROCCAN ROAD CODE ACCURACY: The illustrated road marking must correspond to the official Moroccan road code.  For TOPIC = "no_parking_marking": - Represent the Moroccan horizontal road marking used to indicate PROHIBITION OF PARKING. - Use a YELLOW DISCONTINUOUS LINE along the edge of the roadway / curb. - The yellow marking must be clearly visible and must be the main subject. - Do NOT replace it with a red-and-white curb. - Do NOT use a European-style blue/red parking symbol. - Do NOT invent a road marking that is not part of the Moroccan system. - Do NOT add a "P" symbol unless it is officially required for this exact marking. - The illustration should visually communicate: PARKING PROHIBITED, while stopping remains permitted. - Keep the marking technically simple and faithful to Moroccan road-sign regulations.  SCENE: Show a clean section of Moroccan roadway with the yellow discontinuous line clearly painted along the road edge. Use only a minimal amount of surrounding environment so the road marking remains immediately recognizable. No unnecessary vehicles, buildings, signs, traffic lights, or decorative objects.  STYLE: - Premium hand-drawn Moroccan Highway Code educational icon - Pencil + colored pencil + marker - Visible pencil texture - Subtle cross-hatching - Slightly imperfect dark outlines - Flat 2D illustration - Clean and professional - Educational driving-school illustration - Soft natural colors - Textured gray asphalt - Bold blue rounded-square frame exactly matching the reference  DO NOT INCLUDE: - Any text - Any labels - Any letters - Any numbers - Any watermark - Any logo - Any traffic sign unless strictly necessary - Any red-and-white curb - Any blue/red European parking symbol - Any French road-sign design - Any generic international road marking - Photorealism - 3D - Gradient - Shadow - Glow  FINAL REQUIREMENT: The result must look like an official-Moroccan-Code-inspired educational icon from the SAME visual collection as the reference image.  Accuracy to the MOROCCAN Highway Code has priority over artistic interpretation."" size 1:1"
Create a premium educational illustration based STRICTLY on the official Moroccan Highway Code and Moroccan road-sign regulations.  TOPIC: help_other_drivers COUNTRY / STANDARD: Morocco 🇲🇦 Use ONLY the Moroccan road-sign system, Moroccan road markings, colors, shapes, proportions, and meanings. DO NOT use French, European, American, or generic international road-sign conventions.  REFERENCE STYLE: Use the attached reference image ONLY as a visual STYLE reference. Match its: - hand-drawn pencil and colored-pencil rendering - visible pencil strokes - subtle cross-hatching - slightly imperfect handmade outlines - flat 2D educational illustration - textured asphalt - natural soft coloring - thick blue rounded-square frame - centered composition - clean driving-school educational icon aesthetic  IMPORTANT — MOROCCAN ROAD CODE ACCURACY: The illustrated road marking must correspond to the official Moroccan road code.  For TOPIC = "no_parking_marking": - Represent the Moroccan horizontal road marking used to indicate PROHIBITION OF PARKING. - Use a YELLOW DISCONTINUOUS LINE along the edge of the roadway / curb. - The yellow marking must be clearly visible and must be the main subject. - Do NOT replace it with a red-and-white curb. - Do NOT use a European-style blue/red parking symbol. - Do NOT invent a road marking that is not part of the Moroccan system. - Do NOT add a "P" symbol unless it is officially required for this exact marking. - The illustration should visually communicate: PARKING PROHIBITED, while stopping remains permitted. - Keep the marking technically simple and faithful to Moroccan road-sign regulations.  SCENE: Show a clean section of Moroccan roadway with the yellow discontinuous line clearly painted along the road edge. Use only a minimal amount of surrounding environment so the road marking remains immediately recognizable. No unnecessary vehicles, buildings, signs, traffic lights, or decorative objects.  STYLE: - Premium hand-drawn Moroccan Highway Code educational icon - Pencil + colored pencil + marker - Visible pencil texture - Subtle cross-hatching - Slightly imperfect dark outlines - Flat 2D illustration - Clean and professional - Educational driving-school illustration - Soft natural colors - Textured gray asphalt - Bold blue rounded-square frame exactly matching the reference  DO NOT INCLUDE: - Any text - Any labels - Any letters - Any numbers - Any watermark - Any logo - Any traffic sign unless strictly necessary - Any red-and-white curb - Any blue/red European parking symbol - Any French road-sign design - Any generic international road marking - Photorealism - 3D - Gradient - Shadow - Glow  FINAL REQUIREMENT: The result must look like an official-Moroccan-Code-inspired educational icon from the SAME visual collection as the reference image.  Accuracy to the MOROCCAN Highway Code has priority over artistic interpretation."" size 1:1"
Create a premium educational illustration based STRICTLY on the official Moroccan Highway Code and Moroccan road-sign regulations.  TOPIC: pedstrian_respect COUNTRY / STANDARD: Morocco 🇲🇦 Use ONLY the Moroccan road-sign system, Moroccan road markings, colors, shapes, proportions, and meanings. DO NOT use French, European, American, or generic international road-sign conventions.  REFERENCE STYLE: Use the attached reference image ONLY as a visual STYLE reference. Match its: - hand-drawn pencil and colored-pencil rendering - visible pencil strokes - subtle cross-hatching - slightly imperfect handmade outlines - flat 2D educational illustration - textured asphalt - natural soft coloring - thick blue rounded-square frame - centered composition - clean driving-school educational icon aesthetic  IMPORTANT — MOROCCAN ROAD CODE ACCURACY: The illustrated road marking must correspond to the official Moroccan road code.  For TOPIC = "no_parking_marking": - Represent the Moroccan horizontal road marking used to indicate PROHIBITION OF PARKING. - Use a YELLOW DISCONTINUOUS LINE along the edge of the roadway / curb. - The yellow marking must be clearly visible and must be the main subject. - Do NOT replace it with a red-and-white curb. - Do NOT use a European-style blue/red parking symbol. - Do NOT invent a road marking that is not part of the Moroccan system. - Do NOT add a "P" symbol unless it is officially required for this exact marking. - The illustration should visually communicate: PARKING PROHIBITED, while stopping remains permitted. - Keep the marking technically simple and faithful to Moroccan road-sign regulations.  SCENE: Show a clean section of Moroccan roadway with the yellow discontinuous line clearly painted along the road edge. Use only a minimal amount of surrounding environment so the road marking remains immediately recognizable. No unnecessary vehicles, buildings, signs, traffic lights, or decorative objects.  STYLE: - Premium hand-drawn Moroccan Highway Code educational icon - Pencil + colored pencil + marker - Visible pencil texture - Subtle cross-hatching - Slightly imperfect dark outlines - Flat 2D illustration - Clean and professional - Educational driving-school illustration - Soft natural colors - Textured gray asphalt - Bold blue rounded-square frame exactly matching the reference  DO NOT INCLUDE: - Any text - Any labels - Any letters - Any numbers - Any watermark - Any logo - Any traffic sign unless strictly necessary - Any red-and-white curb - Any blue/red European parking symbol - Any French road-sign design - Any generic international road marking - Photorealism - 3D - Gradient - Shadow - Glow  FINAL REQUIREMENT: The result must look like an official-Moroccan-Code-inspired educational icon from the SAME visual collection as the reference image.  Accuracy to the MOROCCAN Highway Code has priority over artistic interpretation."" size 1:1"
Create a premium educational illustration based STRICTLY on the official Moroccan Highway Code and Moroccan road-sign regulations.  TOPIC: courteous_driving COUNTRY / STANDARD: Morocco 🇲🇦 Use ONLY the Moroccan road-sign system, Moroccan road markings, colors, shapes, proportions, and meanings. DO NOT use French, European, American, or generic international road-sign conventions.  REFERENCE STYLE: Use the attached reference image ONLY as a visual STYLE reference. Match its: - hand-drawn pencil and colored-pencil rendering - visible pencil strokes - subtle cross-hatching - slightly imperfect handmade outlines - flat 2D educational illustration - textured asphalt - natural soft coloring - thick blue rounded-square frame - centered composition - clean driving-school educational icon aesthetic  IMPORTANT — MOROCCAN ROAD CODE ACCURACY: The illustrated road marking must correspond to the official Moroccan road code.  For TOPIC = "no_parking_marking": - Represent the Moroccan horizontal road marking used to indicate PROHIBITION OF PARKING. - Use a YELLOW DISCONTINUOUS LINE along the edge of the roadway / curb. - The yellow marking must be clearly visible and must be the main subject. - Do NOT replace it with a red-and-white curb. - Do NOT use a European-style blue/red parking symbol. - Do NOT invent a road marking that is not part of the Moroccan system. - Do NOT add a "P" symbol unless it is officially required for this exact marking. - The illustration should visually communicate: PARKING PROHIBITED, while stopping remains permitted. - Keep the marking technically simple and faithful to Moroccan road-sign regulations.  SCENE: Show a clean section of Moroccan roadway with the yellow discontinuous line clearly painted along the road edge. Use only a minimal amount of surrounding environment so the road marking remains immediately recognizable. No unnecessary vehicles, buildings, signs, traffic lights, or decorative objects.  STYLE: - Premium hand-drawn Moroccan Highway Code educational icon - Pencil + colored pencil + marker - Visible pencil texture - Subtle cross-hatching - Slightly imperfect dark outlines - Flat 2D illustration - Clean and professional - Educational driving-school illustration - Soft natural colors - Textured gray asphalt - Bold blue rounded-square frame exactly matching the reference  DO NOT INCLUDE: - Any text - Any labels - Any letters - Any numbers - Any watermark - Any logo - Any traffic sign unless strictly necessary - Any red-and-white curb - Any blue/red European parking symbol - Any French road-sign design - Any generic international road marking - Photorealism - 3D - Gradient - Shadow - Glow  FINAL REQUIREMENT: The result must look like an official-Moroccan-Code-inspired educational icon from the SAME visual collection as the reference image.  Accuracy to the MOROCCAN Highway Code has priority over artistic interpretation."" size 1:1"
Create a premium educational illustration based STRICTLY on the official Moroccan Highway Code and Moroccan road-sign regulations.  TOPIC: avoid_aggressive_driving COUNTRY / STANDARD: Morocco 🇲🇦 Use ONLY the Moroccan road-sign system, Moroccan road markings, colors, shapes, proportions, and meanings. DO NOT use French, European, American, or generic international road-sign conventions.  REFERENCE STYLE: Use the attached reference image ONLY as a visual STYLE reference. Match its: - hand-drawn pencil and colored-pencil rendering - visible pencil strokes - subtle cross-hatching - slightly imperfect handmade outlines - flat 2D educational illustration - textured asphalt - natural soft coloring - thick blue rounded-square frame - centered composition - clean driving-school educational icon aesthetic  IMPORTANT — MOROCCAN ROAD CODE ACCURACY: The illustrated road marking must correspond to the official Moroccan road code.  For TOPIC = "no_parking_marking": - Represent the Moroccan horizontal road marking used to indicate PROHIBITION OF PARKING. - Use a YELLOW DISCONTINUOUS LINE along the edge of the roadway / curb. - The yellow marking must be clearly visible and must be the main subject. - Do NOT replace it with a red-and-white curb. - Do NOT use a European-style blue/red parking symbol. - Do NOT invent a road marking that is not part of the Moroccan system. - Do NOT add a "P" symbol unless it is officially required for this exact marking. - The illustration should visually communicate: PARKING PROHIBITED, while stopping remains permitted. - Keep the marking technically simple and faithful to Moroccan road-sign regulations.  SCENE: Show a clean section of Moroccan roadway with the yellow discontinuous line clearly painted along the road edge. Use only a minimal amount of surrounding environment so the road marking remains immediately recognizable. No unnecessary vehicles, buildings, signs, traffic lights, or decorative objects.  STYLE: - Premium hand-drawn Moroccan Highway Code educational icon - Pencil + colored pencil + marker - Visible pencil texture - Subtle cross-hatching - Slightly imperfect dark outlines - Flat 2D illustration - Clean and professional - Educational driving-school illustration - Soft natural colors - Textured gray asphalt - Bold blue rounded-square frame exactly matching the reference  DO NOT INCLUDE: - Any text - Any labels - Any letters - Any numbers - Any watermark - Any logo - Any traffic sign unless strictly necessary - Any red-and-white curb - Any blue/red European parking symbol - Any French road-sign design - Any generic international road marking - Photorealism - 3D - Gradient - Shadow - Glow  FINAL REQUIREMENT: The result must look like an official-Moroccan-Code-inspired educational icon from the SAME visual collection as the reference image.  Accuracy to the MOROCCAN Highway Code has priority over artistic interpretation."" size 1:1"
Create a premium educational illustration based STRICTLY on the official Moroccan Highway Code and Moroccan road-sign regulations.  TOPIC: help_other_drivers COUNTRY / STANDARD: Morocco 🇲🇦 Use ONLY the Moroccan road-sign system, Moroccan road markings, colors, shapes, proportions, and meanings. DO NOT use French, European, American, or generic international road-sign conventions.  REFERENCE STYLE: Use the attached reference image ONLY as a visual STYLE reference. Match its: - hand-drawn pencil and colored-pencil rendering - visible pencil strokes - subtle cross-hatching - slightly imperfect handmade outlines - flat 2D educational illustration - textured asphalt - natural soft coloring - thick blue rounded-square frame - centered composition - clean driving-school educational icon aesthetic  IMPORTANT — MOROCCAN ROAD CODE ACCURACY: The illustrated road marking must correspond to the official Moroccan road code.  For TOPIC = "no_parking_marking": - Represent the Moroccan horizontal road marking used to indicate PROHIBITION OF PARKING. - Use a YELLOW DISCONTINUOUS LINE along the edge of the roadway / curb. - The yellow marking must be clearly visible and must be the main subject. - Do NOT replace it with a red-and-white curb. - Do NOT use a European-style blue/red parking symbol. - Do NOT invent a road marking that is not part of the Moroccan system. - Do NOT add a "P" symbol unless it is officially required for this exact marking. - The illustration should visually communicate: PARKING PROHIBITED, while stopping remains permitted. - Keep the marking technically simple and faithful to Moroccan road-sign regulations.  SCENE: Show a clean section of Moroccan roadway with the yellow discontinuous line clearly painted along the road edge. Use only a minimal amount of surrounding environment so the road marking remains immediately recognizable. No unnecessary vehicles, buildings, signs, traffic lights, or decorative objects.  STYLE: - Premium hand-drawn Moroccan Highway Code educational icon - Pencil + colored pencil + marker - Visible pencil texture - Subtle cross-hatching - Slightly imperfect dark outlines - Flat 2D illustration - Clean and professional - Educational driving-school illustration - Soft natural colors - Textured gray asphalt - Bold blue rounded-square frame exactly matching the reference  DO NOT INCLUDE: - Any text - Any labels - Any letters - Any numbers - Any watermark - Any logo - Any traffic sign unless strictly necessary - Any red-and-white curb - Any blue/red European parking symbol - Any French road-sign design - Any generic international road marking - Photorealism - 3D - Gradient - Shadow - Glow  FINAL REQUIREMENT: The result must look like an official-Moroccan-Code-inspired educational icon from the SAME visual collection as the reference image.  Accuracy to the MOROCCAN Highway Code has priority over artistic interpretation."" size 1:1"
Create a premium educational illustration based STRICTLY on the official Moroccan Highway Code and Moroccan road-sign regulations.  TOPIC: respect_traffic_rules COUNTRY / STANDARD: Morocco 🇲🇦 Use ONLY the Moroccan road-sign system, Moroccan road markings, colors, shapes, proportions, and meanings. DO NOT use French, European, American, or generic international road-sign conventions.  REFERENCE STYLE: Use the attached reference image ONLY as a visual STYLE reference. Match its: - hand-drawn pencil and colored-pencil rendering - visible pencil strokes - subtle cross-hatching - slightly imperfect handmade outlines - flat 2D educational illustration - textured asphalt - natural soft coloring - thick blue rounded-square frame - centered composition - clean driving-school educational icon aesthetic  IMPORTANT — MOROCCAN ROAD CODE ACCURACY: The illustrated road marking must correspond to the official Moroccan road code.  For TOPIC = "no_parking_marking": - Represent the Moroccan horizontal road marking used to indicate PROHIBITION OF PARKING. - Use a YELLOW DISCONTINUOUS LINE along the edge of the roadway / curb. - The yellow marking must be clearly visible and must be the main subject. - Do NOT replace it with a red-and-white curb. - Do NOT use a European-style blue/red parking symbol. - Do NOT invent a road marking that is not part of the Moroccan system. - Do NOT add a "P" symbol unless it is officially required for this exact marking. - The illustration should visually communicate: PARKING PROHIBITED, while stopping remains permitted. - Keep the marking technically simple and faithful to Moroccan road-sign regulations.  SCENE: Show a clean section of Moroccan roadway with the yellow discontinuous line clearly painted along the road edge. Use only a minimal amount of surrounding environment so the road marking remains immediately recognizable. No unnecessary vehicles, buildings, signs, traffic lights, or decorative objects.  STYLE: - Premium hand-drawn Moroccan Highway Code educational icon - Pencil + colored pencil + marker - Visible pencil texture - Subtle cross-hatching - Slightly imperfect dark outlines - Flat 2D illustration - Clean and professional - Educational driving-school illustration - Soft natural colors - Textured gray asphalt - Bold blue rounded-square frame exactly matching the reference  DO NOT INCLUDE: - Any text - Any labels - Any letters - Any numbers - Any watermark - Any logo - Any traffic sign unless strictly necessary - Any red-and-white curb - Any blue/red European parking symbol - Any French road-sign design - Any generic international road marking - Photorealism - 3D - Gradient - Shadow - Glow  FINAL REQUIREMENT: The result must look like an official-Moroccan-Code-inspired educational icon from the SAME visual collection as the reference image.  Accuracy to the MOROCCAN Highway Code has priority over artistic interpretation."" size 1:1"
Create a premium educational illustration based STRICTLY on the official Moroccan Highway Code and Moroccan road-sign regulations.  TOPIC: patience_driving COUNTRY / STANDARD: Morocco 🇲🇦 Use ONLY the Moroccan road-sign system, Moroccan road markings, colors, shapes, proportions, and meanings. DO NOT use French, European, American, or generic international road-sign conventions.  REFERENCE STYLE: Use the attached reference image ONLY as a visual STYLE reference. Match its: - hand-drawn pencil and colored-pencil rendering - visible pencil strokes - subtle cross-hatching - slightly imperfect handmade outlines - flat 2D educational illustration - textured asphalt - natural soft coloring - thick blue rounded-square frame - centered composition - clean driving-school educational icon aesthetic  IMPORTANT — MOROCCAN ROAD CODE ACCURACY: The illustrated road marking must correspond to the official Moroccan road code.  For TOPIC = "no_parking_marking": - Represent the Moroccan horizontal road marking used to indicate PROHIBITION OF PARKING. - Use a YELLOW DISCONTINUOUS LINE along the edge of the roadway / curb. - The yellow marking must be clearly visible and must be the main subject. - Do NOT replace it with a red-and-white curb. - Do NOT use a European-style blue/red parking symbol. - Do NOT invent a road marking that is not part of the Moroccan system. - Do NOT add a "P" symbol unless it is officially required for this exact marking. - The illustration should visually communicate: PARKING PROHIBITED, while stopping remains permitted. - Keep the marking technically simple and faithful to Moroccan road-sign regulations.  SCENE: Show a clean section of Moroccan roadway with the yellow discontinuous line clearly painted along the road edge. Use only a minimal amount of surrounding environment so the road marking remains immediately recognizable. No unnecessary vehicles, buildings, signs, traffic lights, or decorative objects.  STYLE: - Premium hand-drawn Moroccan Highway Code educational icon - Pencil + colored pencil + marker - Visible pencil texture - Subtle cross-hatching - Slightly imperfect dark outlines - Flat 2D illustration - Clean and professional - Educational driving-school illustration - Soft natural colors - Textured gray asphalt - Bold blue rounded-square frame exactly matching the reference  DO NOT INCLUDE: - Any text - Any labels - Any letters - Any numbers - Any watermark - Any logo - Any traffic sign unless strictly necessary - Any red-and-white curb - Any blue/red European parking symbol - Any French road-sign design - Any generic international road marking - Photorealism - 3D - Gradient - Shadow - Glow  FINAL REQUIREMENT: The result must look like an official-Moroccan-Code-inspired educational icon from the SAME visual collection as the reference image.  Accuracy to the MOROCCAN Highway Code has priority over artistic interpretation."" size 1:1"
Create a premium educational illustration based STRICTLY on the official Moroccan Highway Code and Moroccan road-sign regulations.  TOPIC: horn_respect COUNTRY / STANDARD: Morocco 🇲🇦 Use ONLY the Moroccan road-sign system, Moroccan road markings, colors, shapes, proportions, and meanings. DO NOT use French, European, American, or generic international road-sign conventions.  REFERENCE STYLE: Use the attached reference image ONLY as a visual STYLE reference. Match its: - hand-drawn pencil and colored-pencil rendering - visible pencil strokes - subtle cross-hatching - slightly imperfect handmade outlines - flat 2D educational illustration - textured asphalt - natural soft coloring - thick blue rounded-square frame - centered composition - clean driving-school educational icon aesthetic  IMPORTANT — MOROCCAN ROAD CODE ACCURACY: The illustrated road marking must correspond to the official Moroccan road code.  For TOPIC = "no_parking_marking": - Represent the Moroccan horizontal road marking used to indicate PROHIBITION OF PARKING. - Use a YELLOW DISCONTINUOUS LINE along the edge of the roadway / curb. - The yellow marking must be clearly visible and must be the main subject. - Do NOT replace it with a red-and-white curb. - Do NOT use a European-style blue/red parking symbol. - Do NOT invent a road marking that is not part of the Moroccan system. - Do NOT add a "P" symbol unless it is officially required for this exact marking. - The illustration should visually communicate: PARKING PROHIBITED, while stopping remains permitted. - Keep the marking technically simple and faithful to Moroccan road-sign regulations.  SCENE: Show a clean section of Moroccan roadway with the yellow discontinuous line clearly painted along the road edge. Use only a minimal amount of surrounding environment so the road marking remains immediately recognizable. No unnecessary vehicles, buildings, signs, traffic lights, or decorative objects.  STYLE: - Premium hand-drawn Moroccan Highway Code educational icon - Pencil + colored pencil + marker - Visible pencil texture - Subtle cross-hatching - Slightly imperfect dark outlines - Flat 2D illustration - Clean and professional - Educational driving-school illustration - Soft natural colors - Textured gray asphalt - Bold blue rounded-square frame exactly matching the reference  DO NOT INCLUDE: - Any text - Any labels - Any letters - Any numbers - Any watermark - Any logo - Any traffic sign unless strictly necessary - Any red-and-white curb - Any blue/red European parking symbol - Any French road-sign design - Any generic international road marking - Photorealism - 3D - Gradient - Shadow - Glow  FINAL REQUIREMENT: The result must look like an official-Moroccan-Code-inspired educational icon from the SAME visual collection as the reference image.  Accuracy to the MOROCCAN Highway Code has priority over artistic interpretation."" size 1:1"
Create a premium educational illustration based STRICTLY on the official Moroccan Highway Code and Moroccan road-sign regulations.  TOPIC: clean_environment_driving COUNTRY / STANDARD: Morocco 🇲🇦 Use ONLY the Moroccan road-sign system, Moroccan road markings, colors, shapes, proportions, and meanings. DO NOT use French, European, American, or generic international road-sign conventions.  REFERENCE STYLE: Use the attached reference image ONLY as a visual STYLE reference. Match its: - hand-drawn pencil and colored-pencil rendering - visible pencil strokes - subtle cross-hatching - slightly imperfect handmade outlines - flat 2D educational illustration - textured asphalt - natural soft coloring - thick blue rounded-square frame - centered composition - clean driving-school educational icon aesthetic  IMPORTANT — MOROCCAN ROAD CODE ACCURACY: The illustrated road marking must correspond to the official Moroccan road code.  For TOPIC = "no_parking_marking": - Represent the Moroccan horizontal road marking used to indicate PROHIBITION OF PARKING. - Use a YELLOW DISCONTINUOUS LINE along the edge of the roadway / curb. - The yellow marking must be clearly visible and must be the main subject. - Do NOT replace it with a red-and-white curb. - Do NOT use a European-style blue/red parking symbol. - Do NOT invent a road marking that is not part of the Moroccan system. - Do NOT add a "P" symbol unless it is officially required for this exact marking. - The illustration should visually communicate: PARKING PROHIBITED, while stopping remains permitted. - Keep the marking technically simple and faithful to Moroccan road-sign regulations.  SCENE: Show a clean section of Moroccan roadway with the yellow discontinuous line clearly painted along the road edge. Use only a minimal amount of surrounding environment so the road marking remains immediately recognizable. No unnecessary vehicles, buildings, signs, traffic lights, or decorative objects.  STYLE: - Premium hand-drawn Moroccan Highway Code educational icon - Pencil + colored pencil + marker - Visible pencil texture - Subtle cross-hatching - Slightly imperfect dark outlines - Flat 2D illustration - Clean and professional - Educational driving-school illustration - Soft natural colors - Textured gray asphalt - Bold blue rounded-square frame exactly matching the reference  DO NOT INCLUDE: - Any text - Any labels - Any letters - Any numbers - Any watermark - Any logo - Any traffic sign unless strictly necessary - Any red-and-white curb - Any blue/red European parking symbol - Any French road-sign design - Any generic international road marking - Photorealism - 3D - Gradient - Shadow - Glow  FINAL REQUIREMENT: The result must look like an official-Moroccan-Code-inspired educational icon from the SAME visual collection as the reference image.  Accuracy to the MOROCCAN Highway Code has priority over artistic interpretation."" size 1:1"
Create a premium educational illustration based STRICTLY on the official Moroccan Highway Code and Moroccan road-sign regulations.  TOPIC: responsible_behavior COUNTRY / STANDARD: Morocco 🇲🇦 Use ONLY the Moroccan road-sign system, Moroccan road markings, colors, shapes, proportions, and meanings. DO NOT use French, European, American, or generic international road-sign conventions.  REFERENCE STYLE: Use the attached reference image ONLY as a visual STYLE reference. Match its: - hand-drawn pencil and colored-pencil rendering - visible pencil strokes - subtle cross-hatching - slightly imperfect handmade outlines - flat 2D educational illustration - textured asphalt - natural soft coloring - thick blue rounded-square frame - centered composition - clean driving-school educational icon aesthetic  IMPORTANT — MOROCCAN ROAD CODE ACCURACY: The illustrated road marking must correspond to the official Moroccan road code.  For TOPIC = "no_parking_marking": - Represent the Moroccan horizontal road marking used to indicate PROHIBITION OF PARKING. - Use a YELLOW DISCONTINUOUS LINE along the edge of the roadway / curb. - The yellow marking must be clearly visible and must be the main subject. - Do NOT replace it with a red-and-white curb. - Do NOT use a European-style blue/red parking symbol. - Do NOT invent a road marking that is not part of the Moroccan system. - Do NOT add a "P" symbol unless it is officially required for this exact marking. - The illustration should visually communicate: PARKING PROHIBITED, while stopping remains permitted. - Keep the marking technically simple and faithful to Moroccan road-sign regulations.  SCENE: Show a clean section of Moroccan roadway with the yellow discontinuous line clearly painted along the road edge. Use only a minimal amount of surrounding environment so the road marking remains immediately recognizable. No unnecessary vehicles, buildings, signs, traffic lights, or decorative objects.  STYLE: - Premium hand-drawn Moroccan Highway Code educational icon - Pencil + colored pencil + marker - Visible pencil texture - Subtle cross-hatching - Slightly imperfect dark outlines - Flat 2D illustration - Clean and professional - Educational driving-school illustration - Soft natural colors - Textured gray asphalt - Bold blue rounded-square frame exactly matching the reference  DO NOT INCLUDE: - Any text - Any labels - Any letters - Any numbers - Any watermark - Any logo - Any traffic sign unless strictly necessary - Any red-and-white curb - Any blue/red European parking symbol - Any French road-sign design - Any generic international road marking - Photorealism - 3D - Gradient - Shadow - Glow  FINAL REQUIREMENT: The result must look like an official-Moroccan-Code-inspired educational icon from the SAME visual collection as the reference image.  Accuracy to the MOROCCAN Highway Code has priority over artistic interpretation."" size 1:1"
Create a premium educational illustration based STRICTLY on the official Moroccan Highway Code and Moroccan road-sign regulations.  TOPIC: brake_system COUNTRY / STANDARD: Morocco 🇲🇦 Use ONLY the Moroccan road-sign system, Moroccan road markings, colors, shapes, proportions, and meanings. DO NOT use French, European, American, or generic international road-sign conventions.  REFERENCE STYLE: Use the attached reference image ONLY as a visual STYLE reference. Match its: - hand-drawn pencil and colored-pencil rendering - visible pencil strokes - subtle cross-hatching - slightly imperfect handmade outlines - flat 2D educational illustration - textured asphalt - natural soft coloring - thick blue rounded-square frame - centered composition - clean driving-school educational icon aesthetic  IMPORTANT — MOROCCAN ROAD CODE ACCURACY: The illustrated road marking must correspond to the official Moroccan road code.  For TOPIC = "no_parking_marking": - Represent the Moroccan horizontal road marking used to indicate PROHIBITION OF PARKING. - Use a YELLOW DISCONTINUOUS LINE along the edge of the roadway / curb. - The yellow marking must be clearly visible and must be the main subject. - Do NOT replace it with a red-and-white curb. - Do NOT use a European-style blue/red parking symbol. - Do NOT invent a road marking that is not part of the Moroccan system. - Do NOT add a "P" symbol unless it is officially required for this exact marking. - The illustration should visually communicate: PARKING PROHIBITED, while stopping remains permitted. - Keep the marking technically simple and faithful to Moroccan road-sign regulations.  SCENE: Show a clean section of Moroccan roadway with the yellow discontinuous line clearly painted along the road edge. Use only a minimal amount of surrounding environment so the road marking remains immediately recognizable. No unnecessary vehicles, buildings, signs, traffic lights, or decorative objects.  STYLE: - Premium hand-drawn Moroccan Highway Code educational icon - Pencil + colored pencil + marker - Visible pencil texture - Subtle cross-hatching - Slightly imperfect dark outlines - Flat 2D illustration - Clean and professional - Educational driving-school illustration - Soft natural colors - Textured gray asphalt - Bold blue rounded-square frame exactly matching the reference  DO NOT INCLUDE: - Any text - Any labels - Any letters - Any numbers - Any watermark - Any logo - Any traffic sign unless strictly necessary - Any red-and-white curb - Any blue/red European parking symbol - Any French road-sign design - Any generic international road marking - Photorealism - 3D - Gradient - Shadow - Glow  FINAL REQUIREMENT: The result must look like an official-Moroccan-Code-inspired educational icon from the SAME visual collection as the reference image.  Accuracy to the MOROCCAN Highway Code has priority over artistic interpretation."" size 1:1"
Create a premium educational illustration based STRICTLY on the official Moroccan Highway Code and Moroccan road-sign regulations.  TOPIC: brake_pedal COUNTRY / STANDARD: Morocco 🇲🇦 Use ONLY the Moroccan road-sign system, Moroccan road markings, colors, shapes, proportions, and meanings. DO NOT use French, European, American, or generic international road-sign conventions.  REFERENCE STYLE: Use the attached reference image ONLY as a visual STYLE reference. Match its: - hand-drawn pencil and colored-pencil rendering - visible pencil strokes - subtle cross-hatching - slightly imperfect handmade outlines - flat 2D educational illustration - textured asphalt - natural soft coloring - thick blue rounded-square frame - centered composition - clean driving-school educational icon aesthetic  IMPORTANT — MOROCCAN ROAD CODE ACCURACY: The illustrated road marking must correspond to the official Moroccan road code.  For TOPIC = "no_parking_marking": - Represent the Moroccan horizontal road marking used to indicate PROHIBITION OF PARKING. - Use a YELLOW DISCONTINUOUS LINE along the edge of the roadway / curb. - The yellow marking must be clearly visible and must be the main subject. - Do NOT replace it with a red-and-white curb. - Do NOT use a European-style blue/red parking symbol. - Do NOT invent a road marking that is not part of the Moroccan system. - Do NOT add a "P" symbol unless it is officially required for this exact marking. - The illustration should visually communicate: PARKING PROHIBITED, while stopping remains permitted. - Keep the marking technically simple and faithful to Moroccan road-sign regulations.  SCENE: Show a clean section of Moroccan roadway with the yellow discontinuous line clearly painted along the road edge. Use only a minimal amount of surrounding environment so the road marking remains immediately recognizable. No unnecessary vehicles, buildings, signs, traffic lights, or decorative objects.  STYLE: - Premium hand-drawn Moroccan Highway Code educational icon - Pencil + colored pencil + marker - Visible pencil texture - Subtle cross-hatching - Slightly imperfect dark outlines - Flat 2D illustration - Clean and professional - Educational driving-school illustration - Soft natural colors - Textured gray asphalt - Bold blue rounded-square frame exactly matching the reference  DO NOT INCLUDE: - Any text - Any labels - Any letters - Any numbers - Any watermark - Any logo - Any traffic sign unless strictly necessary - Any red-and-white curb - Any blue/red European parking symbol - Any French road-sign design - Any generic international road marking - Photorealism - 3D - Gradient - Shadow - Glow  FINAL REQUIREMENT: The result must look like an official-Moroccan-Code-inspired educational icon from the SAME visual collection as the reference image.  Accuracy to the MOROCCAN Highway Code has priority over artistic interpretation."" size 1:1"
Create a premium educational illustration based STRICTLY on the official Moroccan Highway Code and Moroccan road-sign regulations.  TOPIC: emergency_braking COUNTRY / STANDARD: Morocco 🇲🇦 Use ONLY the Moroccan road-sign system, Moroccan road markings, colors, shapes, proportions, and meanings. DO NOT use French, European, American, or generic international road-sign conventions.  REFERENCE STYLE: Use the attached reference image ONLY as a visual STYLE reference. Match its: - hand-drawn pencil and colored-pencil rendering - visible pencil strokes - subtle cross-hatching - slightly imperfect handmade outlines - flat 2D educational illustration - textured asphalt - natural soft coloring - thick blue rounded-square frame - centered composition - clean driving-school educational icon aesthetic  IMPORTANT — MOROCCAN ROAD CODE ACCURACY: The illustrated road marking must correspond to the official Moroccan road code.  For TOPIC = "no_parking_marking": - Represent the Moroccan horizontal road marking used to indicate PROHIBITION OF PARKING. - Use a YELLOW DISCONTINUOUS LINE along the edge of the roadway / curb. - The yellow marking must be clearly visible and must be the main subject. - Do NOT replace it with a red-and-white curb. - Do NOT use a European-style blue/red parking symbol. - Do NOT invent a road marking that is not part of the Moroccan system. - Do NOT add a "P" symbol unless it is officially required for this exact marking. - The illustration should visually communicate: PARKING PROHIBITED, while stopping remains permitted. - Keep the marking technically simple and faithful to Moroccan road-sign regulations.  SCENE: Show a clean section of Moroccan roadway with the yellow discontinuous line clearly painted along the road edge. Use only a minimal amount of surrounding environment so the road marking remains immediately recognizable. No unnecessary vehicles, buildings, signs, traffic lights, or decorative objects.  STYLE: - Premium hand-drawn Moroccan Highway Code educational icon - Pencil + colored pencil + marker - Visible pencil texture - Subtle cross-hatching - Slightly imperfect dark outlines - Flat 2D illustration - Clean and professional - Educational driving-school illustration - Soft natural colors - Textured gray asphalt - Bold blue rounded-square frame exactly matching the reference  DO NOT INCLUDE: - Any text - Any labels - Any letters - Any numbers - Any watermark - Any logo - Any traffic sign unless strictly necessary - Any red-and-white curb - Any blue/red European parking symbol - Any French road-sign design - Any generic international road marking - Photorealism - 3D - Gradient - Shadow - Glow  FINAL REQUIREMENT: The result must look like an official-Moroccan-Code-inspired educational icon from the SAME visual collection as the reference image.  Accuracy to the MOROCCAN Highway Code has priority over artistic interpretation."" size 1:1"
Create a premium educational illustration based STRICTLY on the official Moroccan Highway Code and Moroccan road-sign regulations.  TOPIC: brake_maintenance COUNTRY / STANDARD: Morocco 🇲🇦 Use ONLY the Moroccan road-sign system, Moroccan road markings, colors, shapes, proportions, and meanings. DO NOT use French, European, American, or generic international road-sign conventions.  REFERENCE STYLE: Use the attached reference image ONLY as a visual STYLE reference. Match its: - hand-drawn pencil and colored-pencil rendering - visible pencil strokes - subtle cross-hatching - slightly imperfect handmade outlines - flat 2D educational illustration - textured asphalt - natural soft coloring - thick blue rounded-square frame - centered composition - clean driving-school educational icon aesthetic  IMPORTANT — MOROCCAN ROAD CODE ACCURACY: The illustrated road marking must correspond to the official Moroccan road code.  For TOPIC = "no_parking_marking": - Represent the Moroccan horizontal road marking used to indicate PROHIBITION OF PARKING. - Use a YELLOW DISCONTINUOUS LINE along the edge of the roadway / curb. - The yellow marking must be clearly visible and must be the main subject. - Do NOT replace it with a red-and-white curb. - Do NOT use a European-style blue/red parking symbol. - Do NOT invent a road marking that is not part of the Moroccan system. - Do NOT add a "P" symbol unless it is officially required for this exact marking. - The illustration should visually communicate: PARKING PROHIBITED, while stopping remains permitted. - Keep the marking technically simple and faithful to Moroccan road-sign regulations.  SCENE: Show a clean section of Moroccan roadway with the yellow discontinuous line clearly painted along the road edge. Use only a minimal amount of surrounding environment so the road marking remains immediately recognizable. No unnecessary vehicles, buildings, signs, traffic lights, or decorative objects.  STYLE: - Premium hand-drawn Moroccan Highway Code educational icon - Pencil + colored pencil + marker - Visible pencil texture - Subtle cross-hatching - Slightly imperfect dark outlines - Flat 2D illustration - Clean and professional - Educational driving-school illustration - Soft natural colors - Textured gray asphalt - Bold blue rounded-square frame exactly matching the reference  DO NOT INCLUDE: - Any text - Any labels - Any letters - Any numbers - Any watermark - Any logo - Any traffic sign unless strictly necessary - Any red-and-white curb - Any blue/red European parking symbol - Any French road-sign design - Any generic international road marking - Photorealism - 3D - Gradient - Shadow - Glow  FINAL REQUIREMENT: The result must look like an official-Moroccan-Code-inspired educational icon from the SAME visual collection as the reference image.  Accuracy to the MOROCCAN Highway Code has priority over artistic interpretation."" size 1:1"
Create a premium educational illustration based STRICTLY on the official Moroccan Highway Code and Moroccan road-sign regulations.  TOPIC: worn_brake_pads COUNTRY / STANDARD: Morocco 🇲🇦 Use ONLY the Moroccan road-sign system, Moroccan road markings, colors, shapes, proportions, and meanings. DO NOT use French, European, American, or generic international road-sign conventions.  REFERENCE STYLE: Use the attached reference image ONLY as a visual STYLE reference. Match its: - hand-drawn pencil and colored-pencil rendering - visible pencil strokes - subtle cross-hatching - slightly imperfect handmade outlines - flat 2D educational illustration - textured asphalt - natural soft coloring - thick blue rounded-square frame - centered composition - clean driving-school educational icon aesthetic  IMPORTANT — MOROCCAN ROAD CODE ACCURACY: The illustrated road marking must correspond to the official Moroccan road code.  For TOPIC = "no_parking_marking": - Represent the Moroccan horizontal road marking used to indicate PROHIBITION OF PARKING. - Use a YELLOW DISCONTINUOUS LINE along the edge of the roadway / curb. - The yellow marking must be clearly visible and must be the main subject. - Do NOT replace it with a red-and-white curb. - Do NOT use a European-style blue/red parking symbol. - Do NOT invent a road marking that is not part of the Moroccan system. - Do NOT add a "P" symbol unless it is officially required for this exact marking. - The illustration should visually communicate: PARKING PROHIBITED, while stopping remains permitted. - Keep the marking technically simple and faithful to Moroccan road-sign regulations.  SCENE: Show a clean section of Moroccan roadway with the yellow discontinuous line clearly painted along the road edge. Use only a minimal amount of surrounding environment so the road marking remains immediately recognizable. No unnecessary vehicles, buildings, signs, traffic lights, or decorative objects.  STYLE: - Premium hand-drawn Moroccan Highway Code educational icon - Pencil + colored pencil + marker - Visible pencil texture - Subtle cross-hatching - Slightly imperfect dark outlines - Flat 2D illustration - Clean and professional - Educational driving-school illustration - Soft natural colors - Textured gray asphalt - Bold blue rounded-square frame exactly matching the reference  DO NOT INCLUDE: - Any text - Any labels - Any letters - Any numbers - Any watermark - Any logo - Any traffic sign unless strictly necessary - Any red-and-white curb - Any blue/red European parking symbol - Any French road-sign design - Any generic international road marking - Photorealism - 3D - Gradient - Shadow - Glow  FINAL REQUIREMENT: The result must look like an official-Moroccan-Code-inspired educational icon from the SAME visual collection as the reference image.  Accuracy to the MOROCCAN Highway Code has priority over artistic interpretation."" size 1:1"
Create a premium educational illustration based STRICTLY on the official Moroccan Highway Code and Moroccan road-sign regulations.  TOPIC: abs_brakes COUNTRY / STANDARD: Morocco 🇲🇦 Use ONLY the Moroccan road-sign system, Moroccan road markings, colors, shapes, proportions, and meanings. DO NOT use French, European, American, or generic international road-sign conventions.  REFERENCE STYLE: Use the attached reference image ONLY as a visual STYLE reference. Match its: - hand-drawn pencil and colored-pencil rendering - visible pencil strokes - subtle cross-hatching - slightly imperfect handmade outlines - flat 2D educational illustration - textured asphalt - natural soft coloring - thick blue rounded-square frame - centered composition - clean driving-school educational icon aesthetic  IMPORTANT — MOROCCAN ROAD CODE ACCURACY: The illustrated road marking must correspond to the official Moroccan road code.  For TOPIC = "no_parking_marking": - Represent the Moroccan horizontal road marking used to indicate PROHIBITION OF PARKING. - Use a YELLOW DISCONTINUOUS LINE along the edge of the roadway / curb. - The yellow marking must be clearly visible and must be the main subject. - Do NOT replace it with a red-and-white curb. - Do NOT use a European-style blue/red parking symbol. - Do NOT invent a road marking that is not part of the Moroccan system. - Do NOT add a "P" symbol unless it is officially required for this exact marking. - The illustration should visually communicate: PARKING PROHIBITED, while stopping remains permitted. - Keep the marking technically simple and faithful to Moroccan road-sign regulations.  SCENE: Show a clean section of Moroccan roadway with the yellow discontinuous line clearly painted along the road edge. Use only a minimal amount of surrounding environment so the road marking remains immediately recognizable. No unnecessary vehicles, buildings, signs, traffic lights, or decorative objects.  STYLE: - Premium hand-drawn Moroccan Highway Code educational icon - Pencil + colored pencil + marker - Visible pencil texture - Subtle cross-hatching - Slightly imperfect dark outlines - Flat 2D illustration - Clean and professional - Educational driving-school illustration - Soft natural colors - Textured gray asphalt - Bold blue rounded-square frame exactly matching the reference  DO NOT INCLUDE: - Any text - Any labels - Any letters - Any numbers - Any watermark - Any logo - Any traffic sign unless strictly necessary - Any red-and-white curb - Any blue/red European parking symbol - Any French road-sign design - Any generic international road marking - Photorealism - 3D - Gradient - Shadow - Glow  FINAL REQUIREMENT: The result must look like an official-Moroccan-Code-inspired educational icon from the SAME visual collection as the reference image.  Accuracy to the MOROCCAN Highway Code has priority over artistic interpretation."" size 1:1"
Create a premium educational illustration based STRICTLY on the official Moroccan Highway Code and Moroccan road-sign regulations.  TOPIC: brake_warning_light COUNTRY / STANDARD: Morocco 🇲🇦 Use ONLY the Moroccan road-sign system, Moroccan road markings, colors, shapes, proportions, and meanings. DO NOT use French, European, American, or generic international road-sign conventions.  REFERENCE STYLE: Use the attached reference image ONLY as a visual STYLE reference. Match its: - hand-drawn pencil and colored-pencil rendering - visible pencil strokes - subtle cross-hatching - slightly imperfect handmade outlines - flat 2D educational illustration - textured asphalt - natural soft coloring - thick blue rounded-square frame - centered composition - clean driving-school educational icon aesthetic  IMPORTANT — MOROCCAN ROAD CODE ACCURACY: The illustrated road marking must correspond to the official Moroccan road code.  For TOPIC = "no_parking_marking": - Represent the Moroccan horizontal road marking used to indicate PROHIBITION OF PARKING. - Use a YELLOW DISCONTINUOUS LINE along the edge of the roadway / curb. - The yellow marking must be clearly visible and must be the main subject. - Do NOT replace it with a red-and-white curb. - Do NOT use a European-style blue/red parking symbol. - Do NOT invent a road marking that is not part of the Moroccan system. - Do NOT add a "P" symbol unless it is officially required for this exact marking. - The illustration should visually communicate: PARKING PROHIBITED, while stopping remains permitted. - Keep the marking technically simple and faithful to Moroccan road-sign regulations.  SCENE: Show a clean section of Moroccan roadway with the yellow discontinuous line clearly painted along the road edge. Use only a minimal amount of surrounding environment so the road marking remains immediately recognizable. No unnecessary vehicles, buildings, signs, traffic lights, or decorative objects.  STYLE: - Premium hand-drawn Moroccan Highway Code educational icon - Pencil + colored pencil + marker - Visible pencil texture - Subtle cross-hatching - Slightly imperfect dark outlines - Flat 2D illustration - Clean and professional - Educational driving-school illustration - Soft natural colors - Textured gray asphalt - Bold blue rounded-square frame exactly matching the reference  DO NOT INCLUDE: - Any text - Any labels - Any letters - Any numbers - Any watermark - Any logo - Any traffic sign unless strictly necessary - Any red-and-white curb - Any blue/red European parking symbol - Any French road-sign design - Any generic international road marking - Photorealism - 3D - Gradient - Shadow - Glow  FINAL REQUIREMENT: The result must look like an official-Moroccan-Code-inspired educational icon from the SAME visual collection as the reference image.  Accuracy to the MOROCCAN Highway Code has priority over artistic interpretation."" size 1:1"
Create a premium educational illustration based STRICTLY on the official Moroccan Highway Code and Moroccan road-sign regulations.  TOPIC: wet_brakes COUNTRY / STANDARD: Morocco 🇲🇦 Use ONLY the Moroccan road-sign system, Moroccan road markings, colors, shapes, proportions, and meanings. DO NOT use French, European, American, or generic international road-sign conventions.  REFERENCE STYLE: Use the attached reference image ONLY as a visual STYLE reference. Match its: - hand-drawn pencil and colored-pencil rendering - visible pencil strokes - subtle cross-hatching - slightly imperfect handmade outlines - flat 2D educational illustration - textured asphalt - natural soft coloring - thick blue rounded-square frame - centered composition - clean driving-school educational icon aesthetic  IMPORTANT — MOROCCAN ROAD CODE ACCURACY: The illustrated road marking must correspond to the official Moroccan road code.  For TOPIC = "no_parking_marking": - Represent the Moroccan horizontal road marking used to indicate PROHIBITION OF PARKING. - Use a YELLOW DISCONTINUOUS LINE along the edge of the roadway / curb. - The yellow marking must be clearly visible and must be the main subject. - Do NOT replace it with a red-and-white curb. - Do NOT use a European-style blue/red parking symbol. - Do NOT invent a road marking that is not part of the Moroccan system. - Do NOT add a "P" symbol unless it is officially required for this exact marking. - The illustration should visually communicate: PARKING PROHIBITED, while stopping remains permitted. - Keep the marking technically simple and faithful to Moroccan road-sign regulations.  SCENE: Show a clean section of Moroccan roadway with the yellow discontinuous line clearly painted along the road edge. Use only a minimal amount of surrounding environment so the road marking remains immediately recognizable. No unnecessary vehicles, buildings, signs, traffic lights, or decorative objects.  STYLE: - Premium hand-drawn Moroccan Highway Code educational icon - Pencil + colored pencil + marker - Visible pencil texture - Subtle cross-hatching - Slightly imperfect dark outlines - Flat 2D illustration - Clean and professional - Educational driving-school illustration - Soft natural colors - Textured gray asphalt - Bold blue rounded-square frame exactly matching the reference  DO NOT INCLUDE: - Any text - Any labels - Any letters - Any numbers - Any watermark - Any logo - Any traffic sign unless strictly necessary - Any red-and-white curb - Any blue/red European parking symbol - Any French road-sign design - Any generic international road marking - Photorealism - 3D - Gradient - Shadow - Glow  FINAL REQUIREMENT: The result must look like an official-Moroccan-Code-inspired educational icon from the SAME visual collection as the reference image.  Accuracy to the MOROCCAN Highway Code has priority over artistic interpretation."" size 1:1"
Create a premium educational illustration based STRICTLY on the official Moroccan Highway Code and Moroccan road-sign regulations.  TOPIC: safe_braking_distance COUNTRY / STANDARD: Morocco 🇲🇦 Use ONLY the Moroccan road-sign system, Moroccan road markings, colors, shapes, proportions, and meanings. DO NOT use French, European, American, or generic international road-sign conventions.  REFERENCE STYLE: Use the attached reference image ONLY as a visual STYLE reference. Match its: - hand-drawn pencil and colored-pencil rendering - visible pencil strokes - subtle cross-hatching - slightly imperfect handmade outlines - flat 2D educational illustration - textured asphalt - natural soft coloring - thick blue rounded-square frame - centered composition - clean driving-school educational icon aesthetic  IMPORTANT — MOROCCAN ROAD CODE ACCURACY: The illustrated road marking must correspond to the official Moroccan road code.  For TOPIC = "no_parking_marking": - Represent the Moroccan horizontal road marking used to indicate PROHIBITION OF PARKING. - Use a YELLOW DISCONTINUOUS LINE along the edge of the roadway / curb. - The yellow marking must be clearly visible and must be the main subject. - Do NOT replace it with a red-and-white curb. - Do NOT use a European-style blue/red parking symbol. - Do NOT invent a road marking that is not part of the Moroccan system. - Do NOT add a "P" symbol unless it is officially required for this exact marking. - The illustration should visually communicate: PARKING PROHIBITED, while stopping remains permitted. - Keep the marking technically simple and faithful to Moroccan road-sign regulations.  SCENE: Show a clean section of Moroccan roadway with the yellow discontinuous line clearly painted along the road edge. Use only a minimal amount of surrounding environment so the road marking remains immediately recognizable. No unnecessary vehicles, buildings, signs, traffic lights, or decorative objects.  STYLE: - Premium hand-drawn Moroccan Highway Code educational icon - Pencil + colored pencil + marker - Visible pencil texture - Subtle cross-hatching - Slightly imperfect dark outlines - Flat 2D illustration - Clean and professional - Educational driving-school illustration - Soft natural colors - Textured gray asphalt - Bold blue rounded-square frame exactly matching the reference  DO NOT INCLUDE: - Any text - Any labels - Any letters - Any numbers - Any watermark - Any logo - Any traffic sign unless strictly necessary - Any red-and-white curb - Any blue/red European parking symbol - Any French road-sign design - Any generic international road marking - Photorealism - 3D - Gradient - Shadow - Glow  FINAL REQUIREMENT: The result must look like an official-Moroccan-Code-inspired educational icon from the SAME visual collection as the reference image.  Accuracy to the MOROCCAN Highway Code has priority over artistic interpretation."" size 1:1"
Create a premium educational illustration based STRICTLY on the official Moroccan Highway Code and Moroccan road-sign regulations.  TOPIC: brake_failure COUNTRY / STANDARD: Morocco 🇲🇦 Use ONLY the Moroccan road-sign system, Moroccan road markings, colors, shapes, proportions, and meanings. DO NOT use French, European, American, or generic international road-sign conventions.  REFERENCE STYLE: Use the attached reference image ONLY as a visual STYLE reference. Match its: - hand-drawn pencil and colored-pencil rendering - visible pencil strokes - subtle cross-hatching - slightly imperfect handmade outlines - flat 2D educational illustration - textured asphalt - natural soft coloring - thick blue rounded-square frame - centered composition - clean driving-school educational icon aesthetic  IMPORTANT — MOROCCAN ROAD CODE ACCURACY: The illustrated road marking must correspond to the official Moroccan road code.  For TOPIC = "no_parking_marking": - Represent the Moroccan horizontal road marking used to indicate PROHIBITION OF PARKING. - Use a YELLOW DISCONTINUOUS LINE along the edge of the roadway / curb. - The yellow marking must be clearly visible and must be the main subject. - Do NOT replace it with a red-and-white curb. - Do NOT use a European-style blue/red parking symbol. - Do NOT invent a road marking that is not part of the Moroccan system. - Do NOT add a "P" symbol unless it is officially required for this exact marking. - The illustration should visually communicate: PARKING PROHIBITED, while stopping remains permitted. - Keep the marking technically simple and faithful to Moroccan road-sign regulations.  SCENE: Show a clean section of Moroccan roadway with the yellow discontinuous line clearly painted along the road edge. Use only a minimal amount of surrounding environment so the road marking remains immediately recognizable. No unnecessary vehicles, buildings, signs, traffic lights, or decorative objects.  STYLE: - Premium hand-drawn Moroccan Highway Code educational icon - Pencil + colored pencil + marker - Visible pencil texture - Subtle cross-hatching - Slightly imperfect dark outlines - Flat 2D illustration - Clean and professional - Educational driving-school illustration - Soft natural colors - Textured gray asphalt - Bold blue rounded-square frame exactly matching the reference  DO NOT INCLUDE: - Any text - Any labels - Any letters - Any numbers - Any watermark - Any logo - Any traffic sign unless strictly necessary - Any red-and-white curb - Any blue/red European parking symbol - Any French road-sign design - Any generic international road marking - Photorealism - 3D - Gradient - Shadow - Glow  FINAL REQUIREMENT: The result must look like an official-Moroccan-Code-inspired educational icon from the SAME visual collection as the reference image.  Accuracy to the MOROCCAN Highway Code has priority over artistic interpretation."" size 1:1"
Create a premium educational illustration based STRICTLY on the official Moroccan Highway Code and Moroccan road-sign regulations.  TOPIC: tire_pressure_check COUNTRY / STANDARD: Morocco 🇲🇦 Use ONLY the Moroccan road-sign system, Moroccan road markings, colors, shapes, proportions, and meanings. DO NOT use French, European, American, or generic international road-sign conventions.  REFERENCE STYLE: Use the attached reference image ONLY as a visual STYLE reference. Match its: - hand-drawn pencil and colored-pencil rendering - visible pencil strokes - subtle cross-hatching - slightly imperfect handmade outlines - flat 2D educational illustration - textured asphalt - natural soft coloring - thick blue rounded-square frame - centered composition - clean driving-school educational icon aesthetic  IMPORTANT — MOROCCAN ROAD CODE ACCURACY: The illustrated road marking must correspond to the official Moroccan road code.  For TOPIC = "no_parking_marking": - Represent the Moroccan horizontal road marking used to indicate PROHIBITION OF PARKING. - Use a YELLOW DISCONTINUOUS LINE along the edge of the roadway / curb. - The yellow marking must be clearly visible and must be the main subject. - Do NOT replace it with a red-and-white curb. - Do NOT use a European-style blue/red parking symbol. - Do NOT invent a road marking that is not part of the Moroccan system. - Do NOT add a "P" symbol unless it is officially required for this exact marking. - The illustration should visually communicate: PARKING PROHIBITED, while stopping remains permitted. - Keep the marking technically simple and faithful to Moroccan road-sign regulations.  SCENE: Show a clean section of Moroccan roadway with the yellow discontinuous line clearly painted along the road edge. Use only a minimal amount of surrounding environment so the road marking remains immediately recognizable. No unnecessary vehicles, buildings, signs, traffic lights, or decorative objects.  STYLE: - Premium hand-drawn Moroccan Highway Code educational icon - Pencil + colored pencil + marker - Visible pencil texture - Subtle cross-hatching - Slightly imperfect dark outlines - Flat 2D illustration - Clean and professional - Educational driving-school illustration - Soft natural colors - Textured gray asphalt - Bold blue rounded-square frame exactly matching the reference  DO NOT INCLUDE: - Any text - Any labels - Any letters - Any numbers - Any watermark - Any logo - Any traffic sign unless strictly necessary - Any red-and-white curb - Any blue/red European parking symbol - Any French road-sign design - Any generic international road marking - Photorealism - 3D - Gradient - Shadow - Glow  FINAL REQUIREMENT: The result must look like an official-Moroccan-Code-inspired educational icon from the SAME visual collection as the reference image.  Accuracy to the MOROCCAN Highway Code has priority over artistic interpretation."" size 1:1"
Create a premium educational illustration based STRICTLY on the official Moroccan Highway Code and Moroccan road-sign regulations.  TOPIC: worn_tires COUNTRY / STANDARD: Morocco 🇲🇦 Use ONLY the Moroccan road-sign system, Moroccan road markings, colors, shapes, proportions, and meanings. DO NOT use French, European, American, or generic international road-sign conventions.  REFERENCE STYLE: Use the attached reference image ONLY as a visual STYLE reference. Match its: - hand-drawn pencil and colored-pencil rendering - visible pencil strokes - subtle cross-hatching - slightly imperfect handmade outlines - flat 2D educational illustration - textured asphalt - natural soft coloring - thick blue rounded-square frame - centered composition - clean driving-school educational icon aesthetic  IMPORTANT — MOROCCAN ROAD CODE ACCURACY: The illustrated road marking must correspond to the official Moroccan road code.  For TOPIC = "no_parking_marking": - Represent the Moroccan horizontal road marking used to indicate PROHIBITION OF PARKING. - Use a YELLOW DISCONTINUOUS LINE along the edge of the roadway / curb. - The yellow marking must be clearly visible and must be the main subject. - Do NOT replace it with a red-and-white curb. - Do NOT use a European-style blue/red parking symbol. - Do NOT invent a road marking that is not part of the Moroccan system. - Do NOT add a "P" symbol unless it is officially required for this exact marking. - The illustration should visually communicate: PARKING PROHIBITED, while stopping remains permitted. - Keep the marking technically simple and faithful to Moroccan road-sign regulations.  SCENE: Show a clean section of Moroccan roadway with the yellow discontinuous line clearly painted along the road edge. Use only a minimal amount of surrounding environment so the road marking remains immediately recognizable. No unnecessary vehicles, buildings, signs, traffic lights, or decorative objects.  STYLE: - Premium hand-drawn Moroccan Highway Code educational icon - Pencil + colored pencil + marker - Visible pencil texture - Subtle cross-hatching - Slightly imperfect dark outlines - Flat 2D illustration - Clean and professional - Educational driving-school illustration - Soft natural colors - Textured gray asphalt - Bold blue rounded-square frame exactly matching the reference  DO NOT INCLUDE: - Any text - Any labels - Any letters - Any numbers - Any watermark - Any logo - Any traffic sign unless strictly necessary - Any red-and-white curb - Any blue/red European parking symbol - Any French road-sign design - Any generic international road marking - Photorealism - 3D - Gradient - Shadow - Glow  FINAL REQUIREMENT: The result must look like an official-Moroccan-Code-inspired educational icon from the SAME visual collection as the reference image.  Accuracy to the MOROCCAN Highway Code has priority over artistic interpretation."" size 1:1"
Create a premium educational illustration based STRICTLY on the official Moroccan Highway Code and Moroccan road-sign regulations.  TOPIC: tire_change COUNTRY / STANDARD: Morocco 🇲🇦 Use ONLY the Moroccan road-sign system, Moroccan road markings, colors, shapes, proportions, and meanings. DO NOT use French, European, American, or generic international road-sign conventions.  REFERENCE STYLE: Use the attached reference image ONLY as a visual STYLE reference. Match its: - hand-drawn pencil and colored-pencil rendering - visible pencil strokes - subtle cross-hatching - slightly imperfect handmade outlines - flat 2D educational illustration - textured asphalt - natural soft coloring - thick blue rounded-square frame - centered composition - clean driving-school educational icon aesthetic  IMPORTANT — MOROCCAN ROAD CODE ACCURACY: The illustrated road marking must correspond to the official Moroccan road code.  For TOPIC = "no_parking_marking": - Represent the Moroccan horizontal road marking used to indicate PROHIBITION OF PARKING. - Use a YELLOW DISCONTINUOUS LINE along the edge of the roadway / curb. - The yellow marking must be clearly visible and must be the main subject. - Do NOT replace it with a red-and-white curb. - Do NOT use a European-style blue/red parking symbol. - Do NOT invent a road marking that is not part of the Moroccan system. - Do NOT add a "P" symbol unless it is officially required for this exact marking. - The illustration should visually communicate: PARKING PROHIBITED, while stopping remains permitted. - Keep the marking technically simple and faithful to Moroccan road-sign regulations.  SCENE: Show a clean section of Moroccan roadway with the yellow discontinuous line clearly painted along the road edge. Use only a minimal amount of surrounding environment so the road marking remains immediately recognizable. No unnecessary vehicles, buildings, signs, traffic lights, or decorative objects.  STYLE: - Premium hand-drawn Moroccan Highway Code educational icon - Pencil + colored pencil + marker - Visible pencil texture - Subtle cross-hatching - Slightly imperfect dark outlines - Flat 2D illustration - Clean and professional - Educational driving-school illustration - Soft natural colors - Textured gray asphalt - Bold blue rounded-square frame exactly matching the reference  DO NOT INCLUDE: - Any text - Any labels - Any letters - Any numbers - Any watermark - Any logo - Any traffic sign unless strictly necessary - Any red-and-white curb - Any blue/red European parking symbol - Any French road-sign design - Any generic international road marking - Photorealism - 3D - Gradient - Shadow - Glow  FINAL REQUIREMENT: The result must look like an official-Moroccan-Code-inspired educational icon from the SAME visual collection as the reference image.  Accuracy to the MOROCCAN Highway Code has priority over artistic interpretation."" size 1:1"
Create a premium educational illustration based STRICTLY on the official Moroccan Highway Code and Moroccan road-sign regulations.  TOPIC: spare_tire COUNTRY / STANDARD: Morocco 🇲🇦 Use ONLY the Moroccan road-sign system, Moroccan road markings, colors, shapes, proportions, and meanings. DO NOT use French, European, American, or generic international road-sign conventions.  REFERENCE STYLE: Use the attached reference image ONLY as a visual STYLE reference. Match its: - hand-drawn pencil and colored-pencil rendering - visible pencil strokes - subtle cross-hatching - slightly imperfect handmade outlines - flat 2D educational illustration - textured asphalt - natural soft coloring - thick blue rounded-square frame - centered composition - clean driving-school educational icon aesthetic  IMPORTANT — MOROCCAN ROAD CODE ACCURACY: The illustrated road marking must correspond to the official Moroccan road code.  For TOPIC = "no_parking_marking": - Represent the Moroccan horizontal road marking used to indicate PROHIBITION OF PARKING. - Use a YELLOW DISCONTINUOUS LINE along the edge of the roadway / curb. - The yellow marking must be clearly visible and must be the main subject. - Do NOT replace it with a red-and-white curb. - Do NOT use a European-style blue/red parking symbol. - Do NOT invent a road marking that is not part of the Moroccan system. - Do NOT add a "P" symbol unless it is officially required for this exact marking. - The illustration should visually communicate: PARKING PROHIBITED, while stopping remains permitted. - Keep the marking technically simple and faithful to Moroccan road-sign regulations.  SCENE: Show a clean section of Moroccan roadway with the yellow discontinuous line clearly painted along the road edge. Use only a minimal amount of surrounding environment so the road marking remains immediately recognizable. No unnecessary vehicles, buildings, signs, traffic lights, or decorative objects.  STYLE: - Premium hand-drawn Moroccan Highway Code educational icon - Pencil + colored pencil + marker - Visible pencil texture - Subtle cross-hatching - Slightly imperfect dark outlines - Flat 2D illustration - Clean and professional - Educational driving-school illustration - Soft natural colors - Textured gray asphalt - Bold blue rounded-square frame exactly matching the reference  DO NOT INCLUDE: - Any text - Any labels - Any letters - Any numbers - Any watermark - Any logo - Any traffic sign unless strictly necessary - Any red-and-white curb - Any blue/red European parking symbol - Any French road-sign design - Any generic international road marking - Photorealism - 3D - Gradient - Shadow - Glow  FINAL REQUIREMENT: The result must look like an official-Moroccan-Code-inspired educational icon from the SAME visual collection as the reference image.  Accuracy to the MOROCCAN Highway Code has priority over artistic interpretation."" size 1:1"
Create a premium educational illustration based STRICTLY on the official Moroccan Highway Code and Moroccan road-sign regulations.  TOPIC: tire_alignment COUNTRY / STANDARD: Morocco 🇲🇦 Use ONLY the Moroccan road-sign system, Moroccan road markings, colors, shapes, proportions, and meanings. DO NOT use French, European, American, or generic international road-sign conventions.  REFERENCE STYLE: Use the attached reference image ONLY as a visual STYLE reference. Match its: - hand-drawn pencil and colored-pencil rendering - visible pencil strokes - subtle cross-hatching - slightly imperfect handmade outlines - flat 2D educational illustration - textured asphalt - natural soft coloring - thick blue rounded-square frame - centered composition - clean driving-school educational icon aesthetic  IMPORTANT — MOROCCAN ROAD CODE ACCURACY: The illustrated road marking must correspond to the official Moroccan road code.  For TOPIC = "no_parking_marking": - Represent the Moroccan horizontal road marking used to indicate PROHIBITION OF PARKING. - Use a YELLOW DISCONTINUOUS LINE along the edge of the roadway / curb. - The yellow marking must be clearly visible and must be the main subject. - Do NOT replace it with a red-and-white curb. - Do NOT use a European-style blue/red parking symbol. - Do NOT invent a road marking that is not part of the Moroccan system. - Do NOT add a "P" symbol unless it is officially required for this exact marking. - The illustration should visually communicate: PARKING PROHIBITED, while stopping remains permitted. - Keep the marking technically simple and faithful to Moroccan road-sign regulations.  SCENE: Show a clean section of Moroccan roadway with the yellow discontinuous line clearly painted along the road edge. Use only a minimal amount of surrounding environment so the road marking remains immediately recognizable. No unnecessary vehicles, buildings, signs, traffic lights, or decorative objects.  STYLE: - Premium hand-drawn Moroccan Highway Code educational icon - Pencil + colored pencil + marker - Visible pencil texture - Subtle cross-hatching - Slightly imperfect dark outlines - Flat 2D illustration - Clean and professional - Educational driving-school illustration - Soft natural colors - Textured gray asphalt - Bold blue rounded-square frame exactly matching the reference  DO NOT INCLUDE: - Any text - Any labels - Any letters - Any numbers - Any watermark - Any logo - Any traffic sign unless strictly necessary - Any red-and-white curb - Any blue/red European parking symbol - Any French road-sign design - Any generic international road marking - Photorealism - 3D - Gradient - Shadow - Glow  FINAL REQUIREMENT: The result must look like an official-Moroccan-Code-inspired educational icon from the SAME visual collection as the reference image.  Accuracy to the MOROCCAN Highway Code has priority over artistic interpretation."" size 1:1"
Create a premium educational illustration based STRICTLY on the official Moroccan Highway Code and Moroccan road-sign regulations.  TOPIC: wet_road_tires COUNTRY / STANDARD: Morocco 🇲🇦 Use ONLY the Moroccan road-sign system, Moroccan road markings, colors, shapes, proportions, and meanings. DO NOT use French, European, American, or generic international road-sign conventions.  REFERENCE STYLE: Use the attached reference image ONLY as a visual STYLE reference. Match its: - hand-drawn pencil and colored-pencil rendering - visible pencil strokes - subtle cross-hatching - slightly imperfect handmade outlines - flat 2D educational illustration - textured asphalt - natural soft coloring - thick blue rounded-square frame - centered composition - clean driving-school educational icon aesthetic  IMPORTANT — MOROCCAN ROAD CODE ACCURACY: The illustrated road marking must correspond to the official Moroccan road code.  For TOPIC = "no_parking_marking": - Represent the Moroccan horizontal road marking used to indicate PROHIBITION OF PARKING. - Use a YELLOW DISCONTINUOUS LINE along the edge of the roadway / curb. - The yellow marking must be clearly visible and must be the main subject. - Do NOT replace it with a red-and-white curb. - Do NOT use a European-style blue/red parking symbol. - Do NOT invent a road marking that is not part of the Moroccan system. - Do NOT add a "P" symbol unless it is officially required for this exact marking. - The illustration should visually communicate: PARKING PROHIBITED, while stopping remains permitted. - Keep the marking technically simple and faithful to Moroccan road-sign regulations.  SCENE: Show a clean section of Moroccan roadway with the yellow discontinuous line clearly painted along the road edge. Use only a minimal amount of surrounding environment so the road marking remains immediately recognizable. No unnecessary vehicles, buildings, signs, traffic lights, or decorative objects.  STYLE: - Premium hand-drawn Moroccan Highway Code educational icon - Pencil + colored pencil + marker - Visible pencil texture - Subtle cross-hatching - Slightly imperfect dark outlines - Flat 2D illustration - Clean and professional - Educational driving-school illustration - Soft natural colors - Textured gray asphalt - Bold blue rounded-square frame exactly matching the reference  DO NOT INCLUDE: - Any text - Any labels - Any letters - Any numbers - Any watermark - Any logo - Any traffic sign unless strictly necessary - Any red-and-white curb - Any blue/red European parking symbol - Any French road-sign design - Any generic international road marking - Photorealism - 3D - Gradient - Shadow - Glow  FINAL REQUIREMENT: The result must look like an official-Moroccan-Code-inspired educational icon from the SAME visual collection as the reference image.  Accuracy to the MOROCCAN Highway Code has priority over artistic interpretation."" size 1:1"
Create a premium educational illustration based STRICTLY on the official Moroccan Highway Code and Moroccan road-sign regulations.  TOPIC: winter_tires COUNTRY / STANDARD: Morocco 🇲🇦 Use ONLY the Moroccan road-sign system, Moroccan road markings, colors, shapes, proportions, and meanings. DO NOT use French, European, American, or generic international road-sign conventions.  REFERENCE STYLE: Use the attached reference image ONLY as a visual STYLE reference. Match its: - hand-drawn pencil and colored-pencil rendering - visible pencil strokes - subtle cross-hatching - slightly imperfect handmade outlines - flat 2D educational illustration - textured asphalt - natural soft coloring - thick blue rounded-square frame - centered composition - clean driving-school educational icon aesthetic  IMPORTANT — MOROCCAN ROAD CODE ACCURACY: The illustrated road marking must correspond to the official Moroccan road code.  For TOPIC = "no_parking_marking": - Represent the Moroccan horizontal road marking used to indicate PROHIBITION OF PARKING. - Use a YELLOW DISCONTINUOUS LINE along the edge of the roadway / curb. - The yellow marking must be clearly visible and must be the main subject. - Do NOT replace it with a red-and-white curb. - Do NOT use a European-style blue/red parking symbol. - Do NOT invent a road marking that is not part of the Moroccan system. - Do NOT add a "P" symbol unless it is officially required for this exact marking. - The illustration should visually communicate: PARKING PROHIBITED, while stopping remains permitted. - Keep the marking technically simple and faithful to Moroccan road-sign regulations.  SCENE: Show a clean section of Moroccan roadway with the yellow discontinuous line clearly painted along the road edge. Use only a minimal amount of surrounding environment so the road marking remains immediately recognizable. No unnecessary vehicles, buildings, signs, traffic lights, or decorative objects.  STYLE: - Premium hand-drawn Moroccan Highway Code educational icon - Pencil + colored pencil + marker - Visible pencil texture - Subtle cross-hatching - Slightly imperfect dark outlines - Flat 2D illustration - Clean and professional - Educational driving-school illustration - Soft natural colors - Textured gray asphalt - Bold blue rounded-square frame exactly matching the reference  DO NOT INCLUDE: - Any text - Any labels - Any letters - Any numbers - Any watermark - Any logo - Any traffic sign unless strictly necessary - Any red-and-white curb - Any blue/red European parking symbol - Any French road-sign design - Any generic international road marking - Photorealism - 3D - Gradient - Shadow - Glow  FINAL REQUIREMENT: The result must look like an official-Moroccan-Code-inspired educational icon from the SAME visual collection as the reference image.  Accuracy to the MOROCCAN Highway Code has priority over artistic interpretation."" size 1:1"
Create a premium educational illustration based STRICTLY on the official Moroccan Highway Code and Moroccan road-sign regulations.  TOPIC: tire_warning_light COUNTRY / STANDARD: Morocco 🇲🇦 Use ONLY the Moroccan road-sign system, Moroccan road markings, colors, shapes, proportions, and meanings. DO NOT use French, European, American, or generic international road-sign conventions.  REFERENCE STYLE: Use the attached reference image ONLY as a visual STYLE reference. Match its: - hand-drawn pencil and colored-pencil rendering - visible pencil strokes - subtle cross-hatching - slightly imperfect handmade outlines - flat 2D educational illustration - textured asphalt - natural soft coloring - thick blue rounded-square frame - centered composition - clean driving-school educational icon aesthetic  IMPORTANT — MOROCCAN ROAD CODE ACCURACY: The illustrated road marking must correspond to the official Moroccan road code.  For TOPIC = "no_parking_marking": - Represent the Moroccan horizontal road marking used to indicate PROHIBITION OF PARKING. - Use a YELLOW DISCONTINUOUS LINE along the edge of the roadway / curb. - The yellow marking must be clearly visible and must be the main subject. - Do NOT replace it with a red-and-white curb. - Do NOT use a European-style blue/red parking symbol. - Do NOT invent a road marking that is not part of the Moroccan system. - Do NOT add a "P" symbol unless it is officially required for this exact marking. - The illustration should visually communicate: PARKING PROHIBITED, while stopping remains permitted. - Keep the marking technically simple and faithful to Moroccan road-sign regulations.  SCENE: Show a clean section of Moroccan roadway with the yellow discontinuous line clearly painted along the road edge. Use only a minimal amount of surrounding environment so the road marking remains immediately recognizable. No unnecessary vehicles, buildings, signs, traffic lights, or decorative objects.  STYLE: - Premium hand-drawn Moroccan Highway Code educational icon - Pencil + colored pencil + marker - Visible pencil texture - Subtle cross-hatching - Slightly imperfect dark outlines - Flat 2D illustration - Clean and professional - Educational driving-school illustration - Soft natural colors - Textured gray asphalt - Bold blue rounded-square frame exactly matching the reference  DO NOT INCLUDE: - Any text - Any labels - Any letters - Any numbers - Any watermark - Any logo - Any traffic sign unless strictly necessary - Any red-and-white curb - Any blue/red European parking symbol - Any French road-sign design - Any generic international road marking - Photorealism - 3D - Gradient - Shadow - Glow  FINAL REQUIREMENT: The result must look like an official-Moroccan-Code-inspired educational icon from the SAME visual collection as the reference image.  Accuracy to the MOROCCAN Highway Code has priority over artistic interpretation."" size 1:1"
Create a premium educational illustration based STRICTLY on the official Moroccan Highway Code and Moroccan road-sign regulations.  TOPIC: safe_tire_distance COUNTRY / STANDARD: Morocco 🇲🇦 Use ONLY the Moroccan road-sign system, Moroccan road markings, colors, shapes, proportions, and meanings. DO NOT use French, European, American, or generic international road-sign conventions.  REFERENCE STYLE: Use the attached reference image ONLY as a visual STYLE reference. Match its: - hand-drawn pencil and colored-pencil rendering - visible pencil strokes - subtle cross-hatching - slightly imperfect handmade outlines - flat 2D educational illustration - textured asphalt - natural soft coloring - thick blue rounded-square frame - centered composition - clean driving-school educational icon aesthetic  IMPORTANT — MOROCCAN ROAD CODE ACCURACY: The illustrated road marking must correspond to the official Moroccan road code.  For TOPIC = "no_parking_marking": - Represent the Moroccan horizontal road marking used to indicate PROHIBITION OF PARKING. - Use a YELLOW DISCONTINUOUS LINE along the edge of the roadway / curb. - The yellow marking must be clearly visible and must be the main subject. - Do NOT replace it with a red-and-white curb. - Do NOT use a European-style blue/red parking symbol. - Do NOT invent a road marking that is not part of the Moroccan system. - Do NOT add a "P" symbol unless it is officially required for this exact marking. - The illustration should visually communicate: PARKING PROHIBITED, while stopping remains permitted. - Keep the marking technically simple and faithful to Moroccan road-sign regulations.  SCENE: Show a clean section of Moroccan roadway with the yellow discontinuous line clearly painted along the road edge. Use only a minimal amount of surrounding environment so the road marking remains immediately recognizable. No unnecessary vehicles, buildings, signs, traffic lights, or decorative objects.  STYLE: - Premium hand-drawn Moroccan Highway Code educational icon - Pencil + colored pencil + marker - Visible pencil texture - Subtle cross-hatching - Slightly imperfect dark outlines - Flat 2D illustration - Clean and professional - Educational driving-school illustration - Soft natural colors - Textured gray asphalt - Bold blue rounded-square frame exactly matching the reference  DO NOT INCLUDE: - Any text - Any labels - Any letters - Any numbers - Any watermark - Any logo - Any traffic sign unless strictly necessary - Any red-and-white curb - Any blue/red European parking symbol - Any French road-sign design - Any generic international road marking - Photorealism - 3D - Gradient - Shadow - Glow  FINAL REQUIREMENT: The result must look like an official-Moroccan-Code-inspired educational icon from the SAME visual collection as the reference image.  Accuracy to the MOROCCAN Highway Code has priority over artistic interpretation."" size 1:1"
Create a premium educational illustration based STRICTLY on the official Moroccan Highway Code and Moroccan road-sign regulations.  TOPIC: tire_maintenance COUNTRY / STANDARD: Morocco 🇲🇦 Use ONLY the Moroccan road-sign system, Moroccan road markings, colors, shapes, proportions, and meanings. DO NOT use French, European, American, or generic international road-sign conventions.  REFERENCE STYLE: Use the attached reference image ONLY as a visual STYLE reference. Match its: - hand-drawn pencil and colored-pencil rendering - visible pencil strokes - subtle cross-hatching - slightly imperfect handmade outlines - flat 2D educational illustration - textured asphalt - natural soft coloring - thick blue rounded-square frame - centered composition - clean driving-school educational icon aesthetic  IMPORTANT — MOROCCAN ROAD CODE ACCURACY: The illustrated road marking must correspond to the official Moroccan road code.  For TOPIC = "no_parking_marking": - Represent the Moroccan horizontal road marking used to indicate PROHIBITION OF PARKING. - Use a YELLOW DISCONTINUOUS LINE along the edge of the roadway / curb. - The yellow marking must be clearly visible and must be the main subject. - Do NOT replace it with a red-and-white curb. - Do NOT use a European-style blue/red parking symbol. - Do NOT invent a road marking that is not part of the Moroccan system. - Do NOT add a "P" symbol unless it is officially required for this exact marking. - The illustration should visually communicate: PARKING PROHIBITED, while stopping remains permitted. - Keep the marking technically simple and faithful to Moroccan road-sign regulations.  SCENE: Show a clean section of Moroccan roadway with the yellow discontinuous line clearly painted along the road edge. Use only a minimal amount of surrounding environment so the road marking remains immediately recognizable. No unnecessary vehicles, buildings, signs, traffic lights, or decorative objects.  STYLE: - Premium hand-drawn Moroccan Highway Code educational icon - Pencil + colored pencil + marker - Visible pencil texture - Subtle cross-hatching - Slightly imperfect dark outlines - Flat 2D illustration - Clean and professional - Educational driving-school illustration - Soft natural colors - Textured gray asphalt - Bold blue rounded-square frame exactly matching the reference  DO NOT INCLUDE: - Any text - Any labels - Any letters - Any numbers - Any watermark - Any logo - Any traffic sign unless strictly necessary - Any red-and-white curb - Any blue/red European parking symbol - Any French road-sign design - Any generic international road marking - Photorealism - 3D - Gradient - Shadow - Glow  FINAL REQUIREMENT: The result must look like an official-Moroccan-Code-inspired educational icon from the SAME visual collection as the reference image.  Accuracy to the MOROCCAN Highway Code has priority over artistic interpretation."" size 1:1"
Create a premium educational illustration based STRICTLY on the official Moroccan Highway Code and Moroccan road-sign regulations.  TOPIC: car_battery COUNTRY / STANDARD: Morocco 🇲🇦 Use ONLY the Moroccan road-sign system, Moroccan road markings, colors, shapes, proportions, and meanings. DO NOT use French, European, American, or generic international road-sign conventions.  REFERENCE STYLE: Use the attached reference image ONLY as a visual STYLE reference. Match its: - hand-drawn pencil and colored-pencil rendering - visible pencil strokes - subtle cross-hatching - slightly imperfect handmade outlines - flat 2D educational illustration - textured asphalt - natural soft coloring - thick blue rounded-square frame - centered composition - clean driving-school educational icon aesthetic  IMPORTANT — MOROCCAN ROAD CODE ACCURACY: The illustrated road marking must correspond to the official Moroccan road code.  For TOPIC = "no_parking_marking": - Represent the Moroccan horizontal road marking used to indicate PROHIBITION OF PARKING. - Use a YELLOW DISCONTINUOUS LINE along the edge of the roadway / curb. - The yellow marking must be clearly visible and must be the main subject. - Do NOT replace it with a red-and-white curb. - Do NOT use a European-style blue/red parking symbol. - Do NOT invent a road marking that is not part of the Moroccan system. - Do NOT add a "P" symbol unless it is officially required for this exact marking. - The illustration should visually communicate: PARKING PROHIBITED, while stopping remains permitted. - Keep the marking technically simple and faithful to Moroccan road-sign regulations.  SCENE: Show a clean section of Moroccan roadway with the yellow discontinuous line clearly painted along the road edge. Use only a minimal amount of surrounding environment so the road marking remains immediately recognizable. No unnecessary vehicles, buildings, signs, traffic lights, or decorative objects.  STYLE: - Premium hand-drawn Moroccan Highway Code educational icon - Pencil + colored pencil + marker - Visible pencil texture - Subtle cross-hatching - Slightly imperfect dark outlines - Flat 2D illustration - Clean and professional - Educational driving-school illustration - Soft natural colors - Textured gray asphalt - Bold blue rounded-square frame exactly matching the reference  DO NOT INCLUDE: - Any text - Any labels - Any letters - Any numbers - Any watermark - Any logo - Any traffic sign unless strictly necessary - Any red-and-white curb - Any blue/red European parking symbol - Any French road-sign design - Any generic international road marking - Photorealism - 3D - Gradient - Shadow - Glow  FINAL REQUIREMENT: The result must look like an official-Moroccan-Code-inspired educational icon from the SAME visual collection as the reference image.  Accuracy to the MOROCCAN Highway Code has priority over artistic interpretation."" size 1:1"
Create a premium educational illustration based STRICTLY on the official Moroccan Highway Code and Moroccan road-sign regulations.  TOPIC: battery_check COUNTRY / STANDARD: Morocco 🇲🇦 Use ONLY the Moroccan road-sign system, Moroccan road markings, colors, shapes, proportions, and meanings. DO NOT use French, European, American, or generic international road-sign conventions.  REFERENCE STYLE: Use the attached reference image ONLY as a visual STYLE reference. Match its: - hand-drawn pencil and colored-pencil rendering - visible pencil strokes - subtle cross-hatching - slightly imperfect handmade outlines - flat 2D educational illustration - textured asphalt - natural soft coloring - thick blue rounded-square frame - centered composition - clean driving-school educational icon aesthetic  IMPORTANT — MOROCCAN ROAD CODE ACCURACY: The illustrated road marking must correspond to the official Moroccan road code.  For TOPIC = "no_parking_marking": - Represent the Moroccan horizontal road marking used to indicate PROHIBITION OF PARKING. - Use a YELLOW DISCONTINUOUS LINE along the edge of the roadway / curb. - The yellow marking must be clearly visible and must be the main subject. - Do NOT replace it with a red-and-white curb. - Do NOT use a European-style blue/red parking symbol. - Do NOT invent a road marking that is not part of the Moroccan system. - Do NOT add a "P" symbol unless it is officially required for this exact marking. - The illustration should visually communicate: PARKING PROHIBITED, while stopping remains permitted. - Keep the marking technically simple and faithful to Moroccan road-sign regulations.  SCENE: Show a clean section of Moroccan roadway with the yellow discontinuous line clearly painted along the road edge. Use only a minimal amount of surrounding environment so the road marking remains immediately recognizable. No unnecessary vehicles, buildings, signs, traffic lights, or decorative objects.  STYLE: - Premium hand-drawn Moroccan Highway Code educational icon - Pencil + colored pencil + marker - Visible pencil texture - Subtle cross-hatching - Slightly imperfect dark outlines - Flat 2D illustration - Clean and professional - Educational driving-school illustration - Soft natural colors - Textured gray asphalt - Bold blue rounded-square frame exactly matching the reference  DO NOT INCLUDE: - Any text - Any labels - Any letters - Any numbers - Any watermark - Any logo - Any traffic sign unless strictly necessary - Any red-and-white curb - Any blue/red European parking symbol - Any French road-sign design - Any generic international road marking - Photorealism - 3D - Gradient - Shadow - Glow  FINAL REQUIREMENT: The result must look like an official-Moroccan-Code-inspired educational icon from the SAME visual collection as the reference image.  Accuracy to the MOROCCAN Highway Code has priority over artistic interpretation."" size 1:1"
Create a premium educational illustration based STRICTLY on the official Moroccan Highway Code and Moroccan road-sign regulations.  TOPIC: battery_charging COUNTRY / STANDARD: Morocco 🇲🇦 Use ONLY the Moroccan road-sign system, Moroccan road markings, colors, shapes, proportions, and meanings. DO NOT use French, European, American, or generic international road-sign conventions.  REFERENCE STYLE: Use the attached reference image ONLY as a visual STYLE reference. Match its: - hand-drawn pencil and colored-pencil rendering - visible pencil strokes - subtle cross-hatching - slightly imperfect handmade outlines - flat 2D educational illustration - textured asphalt - natural soft coloring - thick blue rounded-square frame - centered composition - clean driving-school educational icon aesthetic  IMPORTANT — MOROCCAN ROAD CODE ACCURACY: The illustrated road marking must correspond to the official Moroccan road code.  For TOPIC = "no_parking_marking": - Represent the Moroccan horizontal road marking used to indicate PROHIBITION OF PARKING. - Use a YELLOW DISCONTINUOUS LINE along the edge of the roadway / curb. - The yellow marking must be clearly visible and must be the main subject. - Do NOT replace it with a red-and-white curb. - Do NOT use a European-style blue/red parking symbol. - Do NOT invent a road marking that is not part of the Moroccan system. - Do NOT add a "P" symbol unless it is officially required for this exact marking. - The illustration should visually communicate: PARKING PROHIBITED, while stopping remains permitted. - Keep the marking technically simple and faithful to Moroccan road-sign regulations.  SCENE: Show a clean section of Moroccan roadway with the yellow discontinuous line clearly painted along the road edge. Use only a minimal amount of surrounding environment so the road marking remains immediately recognizable. No unnecessary vehicles, buildings, signs, traffic lights, or decorative objects.  STYLE: - Premium hand-drawn Moroccan Highway Code educational icon - Pencil + colored pencil + marker - Visible pencil texture - Subtle cross-hatching - Slightly imperfect dark outlines - Flat 2D illustration - Clean and professional - Educational driving-school illustration - Soft natural colors - Textured gray asphalt - Bold blue rounded-square frame exactly matching the reference  DO NOT INCLUDE: - Any text - Any labels - Any letters - Any numbers - Any watermark - Any logo - Any traffic sign unless strictly necessary - Any red-and-white curb - Any blue/red European parking symbol - Any French road-sign design - Any generic international road marking - Photorealism - 3D - Gradient - Shadow - Glow  FINAL REQUIREMENT: The result must look like an official-Moroccan-Code-inspired educational icon from the SAME visual collection as the reference image.  Accuracy to the MOROCCAN Highway Code has priority over artistic interpretation."" size 1:1"
Create a premium educational illustration based STRICTLY on the official Moroccan Highway Code and Moroccan road-sign regulations.  TOPIC: dead_battery COUNTRY / STANDARD: Morocco 🇲🇦 Use ONLY the Moroccan road-sign system, Moroccan road markings, colors, shapes, proportions, and meanings. DO NOT use French, European, American, or generic international road-sign conventions.  REFERENCE STYLE: Use the attached reference image ONLY as a visual STYLE reference. Match its: - hand-drawn pencil and colored-pencil rendering - visible pencil strokes - subtle cross-hatching - slightly imperfect handmade outlines - flat 2D educational illustration - textured asphalt - natural soft coloring - thick blue rounded-square frame - centered composition - clean driving-school educational icon aesthetic  IMPORTANT — MOROCCAN ROAD CODE ACCURACY: The illustrated road marking must correspond to the official Moroccan road code.  For TOPIC = "no_parking_marking": - Represent the Moroccan horizontal road marking used to indicate PROHIBITION OF PARKING. - Use a YELLOW DISCONTINUOUS LINE along the edge of the roadway / curb. - The yellow marking must be clearly visible and must be the main subject. - Do NOT replace it with a red-and-white curb. - Do NOT use a European-style blue/red parking symbol. - Do NOT invent a road marking that is not part of the Moroccan system. - Do NOT add a "P" symbol unless it is officially required for this exact marking. - The illustration should visually communicate: PARKING PROHIBITED, while stopping remains permitted. - Keep the marking technically simple and faithful to Moroccan road-sign regulations.  SCENE: Show a clean section of Moroccan roadway with the yellow discontinuous line clearly painted along the road edge. Use only a minimal amount of surrounding environment so the road marking remains immediately recognizable. No unnecessary vehicles, buildings, signs, traffic lights, or decorative objects.  STYLE: - Premium hand-drawn Moroccan Highway Code educational icon - Pencil + colored pencil + marker - Visible pencil texture - Subtle cross-hatching - Slightly imperfect dark outlines - Flat 2D illustration - Clean and professional - Educational driving-school illustration - Soft natural colors - Textured gray asphalt - Bold blue rounded-square frame exactly matching the reference  DO NOT INCLUDE: - Any text - Any labels - Any letters - Any numbers - Any watermark - Any logo - Any traffic sign unless strictly necessary - Any red-and-white curb - Any blue/red European parking symbol - Any French road-sign design - Any generic international road marking - Photorealism - 3D - Gradient - Shadow - Glow  FINAL REQUIREMENT: The result must look like an official-Moroccan-Code-inspired educational icon from the SAME visual collection as the reference image.  Accuracy to the MOROCCAN Highway Code has priority over artistic interpretation."" size 1:1"
Create a premium educational illustration based STRICTLY on the official Moroccan Highway Code and Moroccan road-sign regulations.  TOPIC: jump_start COUNTRY / STANDARD: Morocco 🇲🇦 Use ONLY the Moroccan road-sign system, Moroccan road markings, colors, shapes, proportions, and meanings. DO NOT use French, European, American, or generic international road-sign conventions.  REFERENCE STYLE: Use the attached reference image ONLY as a visual STYLE reference. Match its: - hand-drawn pencil and colored-pencil rendering - visible pencil strokes - subtle cross-hatching - slightly imperfect handmade outlines - flat 2D educational illustration - textured asphalt - natural soft coloring - thick blue rounded-square frame - centered composition - clean driving-school educational icon aesthetic  IMPORTANT — MOROCCAN ROAD CODE ACCURACY: The illustrated road marking must correspond to the official Moroccan road code.  For TOPIC = "no_parking_marking": - Represent the Moroccan horizontal road marking used to indicate PROHIBITION OF PARKING. - Use a YELLOW DISCONTINUOUS LINE along the edge of the roadway / curb. - The yellow marking must be clearly visible and must be the main subject. - Do NOT replace it with a red-and-white curb. - Do NOT use a European-style blue/red parking symbol. - Do NOT invent a road marking that is not part of the Moroccan system. - Do NOT add a "P" symbol unless it is officially required for this exact marking. - The illustration should visually communicate: PARKING PROHIBITED, while stopping remains permitted. - Keep the marking technically simple and faithful to Moroccan road-sign regulations.  SCENE: Show a clean section of Moroccan roadway with the yellow discontinuous line clearly painted along the road edge. Use only a minimal amount of surrounding environment so the road marking remains immediately recognizable. No unnecessary vehicles, buildings, signs, traffic lights, or decorative objects.  STYLE: - Premium hand-drawn Moroccan Highway Code educational icon - Pencil + colored pencil + marker - Visible pencil texture - Subtle cross-hatching - Slightly imperfect dark outlines - Flat 2D illustration - Clean and professional - Educational driving-school illustration - Soft natural colors - Textured gray asphalt - Bold blue rounded-square frame exactly matching the reference  DO NOT INCLUDE: - Any text - Any labels - Any letters - Any numbers - Any watermark - Any logo - Any traffic sign unless strictly necessary - Any red-and-white curb - Any blue/red European parking symbol - Any French road-sign design - Any generic international road marking - Photorealism - 3D - Gradient - Shadow - Glow  FINAL REQUIREMENT: The result must look like an official-Moroccan-Code-inspired educational icon from the SAME visual collection as the reference image.  Accuracy to the MOROCCAN Highway Code has priority over artistic interpretation."" size 1:1"
Create a premium educational illustration based STRICTLY on the official Moroccan Highway Code and Moroccan road-sign regulations.  TOPIC: battery_warning_light COUNTRY / STANDARD: Morocco 🇲🇦 Use ONLY the Moroccan road-sign system, Moroccan road markings, colors, shapes, proportions, and meanings. DO NOT use French, European, American, or generic international road-sign conventions.  REFERENCE STYLE: Use the attached reference image ONLY as a visual STYLE reference. Match its: - hand-drawn pencil and colored-pencil rendering - visible pencil strokes - subtle cross-hatching - slightly imperfect handmade outlines - flat 2D educational illustration - textured asphalt - natural soft coloring - thick blue rounded-square frame - centered composition - clean driving-school educational icon aesthetic  IMPORTANT — MOROCCAN ROAD CODE ACCURACY: The illustrated road marking must correspond to the official Moroccan road code.  For TOPIC = "no_parking_marking": - Represent the Moroccan horizontal road marking used to indicate PROHIBITION OF PARKING. - Use a YELLOW DISCONTINUOUS LINE along the edge of the roadway / curb. - The yellow marking must be clearly visible and must be the main subject. - Do NOT replace it with a red-and-white curb. - Do NOT use a European-style blue/red parking symbol. - Do NOT invent a road marking that is not part of the Moroccan system. - Do NOT add a "P" symbol unless it is officially required for this exact marking. - The illustration should visually communicate: PARKING PROHIBITED, while stopping remains permitted. - Keep the marking technically simple and faithful to Moroccan road-sign regulations.  SCENE: Show a clean section of Moroccan roadway with the yellow discontinuous line clearly painted along the road edge. Use only a minimal amount of surrounding environment so the road marking remains immediately recognizable. No unnecessary vehicles, buildings, signs, traffic lights, or decorative objects.  STYLE: - Premium hand-drawn Moroccan Highway Code educational icon - Pencil + colored pencil + marker - Visible pencil texture - Subtle cross-hatching - Slightly imperfect dark outlines - Flat 2D illustration - Clean and professional - Educational driving-school illustration - Soft natural colors - Textured gray asphalt - Bold blue rounded-square frame exactly matching the reference  DO NOT INCLUDE: - Any text - Any labels - Any letters - Any numbers - Any watermark - Any logo - Any traffic sign unless strictly necessary - Any red-and-white curb - Any blue/red European parking symbol - Any French road-sign design - Any generic international road marking - Photorealism - 3D - Gradient - Shadow - Glow  FINAL REQUIREMENT: The result must look like an official-Moroccan-Code-inspired educational icon from the SAME visual collection as the reference image.  Accuracy to the MOROCCAN Highway Code has priority over artistic interpretation."" size 1:1"
Create a premium educational illustration based STRICTLY on the official Moroccan Highway Code and Moroccan road-sign regulations.  TOPIC: battery_maintenance COUNTRY / STANDARD: Morocco 🇲🇦 Use ONLY the Moroccan road-sign system, Moroccan road markings, colors, shapes, proportions, and meanings. DO NOT use French, European, American, or generic international road-sign conventions.  REFERENCE STYLE: Use the attached reference image ONLY as a visual STYLE reference. Match its: - hand-drawn pencil and colored-pencil rendering - visible pencil strokes - subtle cross-hatching - slightly imperfect handmade outlines - flat 2D educational illustration - textured asphalt - natural soft coloring - thick blue rounded-square frame - centered composition - clean driving-school educational icon aesthetic  IMPORTANT — MOROCCAN ROAD CODE ACCURACY: The illustrated road marking must correspond to the official Moroccan road code.  For TOPIC = "no_parking_marking": - Represent the Moroccan horizontal road marking used to indicate PROHIBITION OF PARKING. - Use a YELLOW DISCONTINUOUS LINE along the edge of the roadway / curb. - The yellow marking must be clearly visible and must be the main subject. - Do NOT replace it with a red-and-white curb. - Do NOT use a European-style blue/red parking symbol. - Do NOT invent a road marking that is not part of the Moroccan system. - Do NOT add a "P" symbol unless it is officially required for this exact marking. - The illustration should visually communicate: PARKING PROHIBITED, while stopping remains permitted. - Keep the marking technically simple and faithful to Moroccan road-sign regulations.  SCENE: Show a clean section of Moroccan roadway with the yellow discontinuous line clearly painted along the road edge. Use only a minimal amount of surrounding environment so the road marking remains immediately recognizable. No unnecessary vehicles, buildings, signs, traffic lights, or decorative objects.  STYLE: - Premium hand-drawn Moroccan Highway Code educational icon - Pencil + colored pencil + marker - Visible pencil texture - Subtle cross-hatching - Slightly imperfect dark outlines - Flat 2D illustration - Clean and professional - Educational driving-school illustration - Soft natural colors - Textured gray asphalt - Bold blue rounded-square frame exactly matching the reference  DO NOT INCLUDE: - Any text - Any labels - Any letters - Any numbers - Any watermark - Any logo - Any traffic sign unless strictly necessary - Any red-and-white curb - Any blue/red European parking symbol - Any French road-sign design - Any generic international road marking - Photorealism - 3D - Gradient - Shadow - Glow  FINAL REQUIREMENT: The result must look like an official-Moroccan-Code-inspired educational icon from the SAME visual collection as the reference image.  Accuracy to the MOROCCAN Highway Code has priority over artistic interpretation."" size 1:1"
Create a premium educational illustration based STRICTLY on the official Moroccan Highway Code and Moroccan road-sign regulations.  TOPIC: battery_terminals COUNTRY / STANDARD: Morocco 🇲🇦 Use ONLY the Moroccan road-sign system, Moroccan road markings, colors, shapes, proportions, and meanings. DO NOT use French, European, American, or generic international road-sign conventions.  REFERENCE STYLE: Use the attached reference image ONLY as a visual STYLE reference. Match its: - hand-drawn pencil and colored-pencil rendering - visible pencil strokes - subtle cross-hatching - slightly imperfect handmade outlines - flat 2D educational illustration - textured asphalt - natural soft coloring - thick blue rounded-square frame - centered composition - clean driving-school educational icon aesthetic  IMPORTANT — MOROCCAN ROAD CODE ACCURACY: The illustrated road marking must correspond to the official Moroccan road code.  For TOPIC = "no_parking_marking": - Represent the Moroccan horizontal road marking used to indicate PROHIBITION OF PARKING. - Use a YELLOW DISCONTINUOUS LINE along the edge of the roadway / curb. - The yellow marking must be clearly visible and must be the main subject. - Do NOT replace it with a red-and-white curb. - Do NOT use a European-style blue/red parking symbol. - Do NOT invent a road marking that is not part of the Moroccan system. - Do NOT add a "P" symbol unless it is officially required for this exact marking. - The illustration should visually communicate: PARKING PROHIBITED, while stopping remains permitted. - Keep the marking technically simple and faithful to Moroccan road-sign regulations.  SCENE: Show a clean section of Moroccan roadway with the yellow discontinuous line clearly painted along the road edge. Use only a minimal amount of surrounding environment so the road marking remains immediately recognizable. No unnecessary vehicles, buildings, signs, traffic lights, or decorative objects.  STYLE: - Premium hand-drawn Moroccan Highway Code educational icon - Pencil + colored pencil + marker - Visible pencil texture - Subtle cross-hatching - Slightly imperfect dark outlines - Flat 2D illustration - Clean and professional - Educational driving-school illustration - Soft natural colors - Textured gray asphalt - Bold blue rounded-square frame exactly matching the reference  DO NOT INCLUDE: - Any text - Any labels - Any letters - Any numbers - Any watermark - Any logo - Any traffic sign unless strictly necessary - Any red-and-white curb - Any blue/red European parking symbol - Any French road-sign design - Any generic international road marking - Photorealism - 3D - Gradient - Shadow - Glow  FINAL REQUIREMENT: The result must look like an official-Moroccan-Code-inspired educational icon from the SAME visual collection as the reference image.  Accuracy to the MOROCCAN Highway Code has priority over artistic interpretation."" size 1:1"
Create a premium educational illustration based STRICTLY on the official Moroccan Highway Code and Moroccan road-sign regulations.  TOPIC: cold_weather_battery COUNTRY / STANDARD: Morocco 🇲🇦 Use ONLY the Moroccan road-sign system, Moroccan road markings, colors, shapes, proportions, and meanings. DO NOT use French, European, American, or generic international road-sign conventions.  REFERENCE STYLE: Use the attached reference image ONLY as a visual STYLE reference. Match its: - hand-drawn pencil and colored-pencil rendering - visible pencil strokes - subtle cross-hatching - slightly imperfect handmade outlines - flat 2D educational illustration - textured asphalt - natural soft coloring - thick blue rounded-square frame - centered composition - clean driving-school educational icon aesthetic  IMPORTANT — MOROCCAN ROAD CODE ACCURACY: The illustrated road marking must correspond to the official Moroccan road code.  For TOPIC = "no_parking_marking": - Represent the Moroccan horizontal road marking used to indicate PROHIBITION OF PARKING. - Use a YELLOW DISCONTINUOUS LINE along the edge of the roadway / curb. - The yellow marking must be clearly visible and must be the main subject. - Do NOT replace it with a red-and-white curb. - Do NOT use a European-style blue/red parking symbol. - Do NOT invent a road marking that is not part of the Moroccan system. - Do NOT add a "P" symbol unless it is officially required for this exact marking. - The illustration should visually communicate: PARKING PROHIBITED, while stopping remains permitted. - Keep the marking technically simple and faithful to Moroccan road-sign regulations.  SCENE: Show a clean section of Moroccan roadway with the yellow discontinuous line clearly painted along the road edge. Use only a minimal amount of surrounding environment so the road marking remains immediately recognizable. No unnecessary vehicles, buildings, signs, traffic lights, or decorative objects.  STYLE: - Premium hand-drawn Moroccan Highway Code educational icon - Pencil + colored pencil + marker - Visible pencil texture - Subtle cross-hatching - Slightly imperfect dark outlines - Flat 2D illustration - Clean and professional - Educational driving-school illustration - Soft natural colors - Textured gray asphalt - Bold blue rounded-square frame exactly matching the reference  DO NOT INCLUDE: - Any text - Any labels - Any letters - Any numbers - Any watermark - Any logo - Any traffic sign unless strictly necessary - Any red-and-white curb - Any blue/red European parking symbol - Any French road-sign design - Any generic international road marking - Photorealism - 3D - Gradient - Shadow - Glow  FINAL REQUIREMENT: The result must look like an official-Moroccan-Code-inspired educational icon from the SAME visual collection as the reference image.  Accuracy to the MOROCCAN Highway Code has priority over artistic interpretation."" size 1:1"
Create a premium educational illustration based STRICTLY on the official Moroccan Highway Code and Moroccan road-sign regulations.  TOPIC: battery_safety COUNTRY / STANDARD: Morocco 🇲🇦 Use ONLY the Moroccan road-sign system, Moroccan road markings, colors, shapes, proportions, and meanings. DO NOT use French, European, American, or generic international road-sign conventions.  REFERENCE STYLE: Use the attached reference image ONLY as a visual STYLE reference. Match its: - hand-drawn pencil and colored-pencil rendering - visible pencil strokes - subtle cross-hatching - slightly imperfect handmade outlines - flat 2D educational illustration - textured asphalt - natural soft coloring - thick blue rounded-square frame - centered composition - clean driving-school educational icon aesthetic  IMPORTANT — MOROCCAN ROAD CODE ACCURACY: The illustrated road marking must correspond to the official Moroccan road code.  For TOPIC = "no_parking_marking": - Represent the Moroccan horizontal road marking used to indicate PROHIBITION OF PARKING. - Use a YELLOW DISCONTINUOUS LINE along the edge of the roadway / curb. - The yellow marking must be clearly visible and must be the main subject. - Do NOT replace it with a red-and-white curb. - Do NOT use a European-style blue/red parking symbol. - Do NOT invent a road marking that is not part of the Moroccan system. - Do NOT add a "P" symbol unless it is officially required for this exact marking. - The illustration should visually communicate: PARKING PROHIBITED, while stopping remains permitted. - Keep the marking technically simple and faithful to Moroccan road-sign regulations.  SCENE: Show a clean section of Moroccan roadway with the yellow discontinuous line clearly painted along the road edge. Use only a minimal amount of surrounding environment so the road marking remains immediately recognizable. No unnecessary vehicles, buildings, signs, traffic lights, or decorative objects.  STYLE: - Premium hand-drawn Moroccan Highway Code educational icon - Pencil + colored pencil + marker - Visible pencil texture - Subtle cross-hatching - Slightly imperfect dark outlines - Flat 2D illustration - Clean and professional - Educational driving-school illustration - Soft natural colors - Textured gray asphalt - Bold blue rounded-square frame exactly matching the reference  DO NOT INCLUDE: - Any text - Any labels - Any letters - Any numbers - Any watermark - Any logo - Any traffic sign unless strictly necessary - Any red-and-white curb - Any blue/red European parking symbol - Any French road-sign design - Any generic international road marking - Photorealism - 3D - Gradient - Shadow - Glow  FINAL REQUIREMENT: The result must look like an official-Moroccan-Code-inspired educational icon from the SAME visual collection as the reference image.  Accuracy to the MOROCCAN Highway Code has priority over artistic interpretation."" size 1:1"
Create a premium educational illustration based STRICTLY on the official Moroccan Highway Code and Moroccan road-sign regulations.  TOPIC: engine_oil_check COUNTRY / STANDARD: Morocco 🇲🇦 Use ONLY the Moroccan road-sign system, Moroccan road markings, colors, shapes, proportions, and meanings. DO NOT use French, European, American, or generic international road-sign conventions.  REFERENCE STYLE: Use the attached reference image ONLY as a visual STYLE reference. Match its: - hand-drawn pencil and colored-pencil rendering - visible pencil strokes - subtle cross-hatching - slightly imperfect handmade outlines - flat 2D educational illustration - textured asphalt - natural soft coloring - thick blue rounded-square frame - centered composition - clean driving-school educational icon aesthetic  IMPORTANT — MOROCCAN ROAD CODE ACCURACY: The illustrated road marking must correspond to the official Moroccan road code.  For TOPIC = "no_parking_marking": - Represent the Moroccan horizontal road marking used to indicate PROHIBITION OF PARKING. - Use a YELLOW DISCONTINUOUS LINE along the edge of the roadway / curb. - The yellow marking must be clearly visible and must be the main subject. - Do NOT replace it with a red-and-white curb. - Do NOT use a European-style blue/red parking symbol. - Do NOT invent a road marking that is not part of the Moroccan system. - Do NOT add a "P" symbol unless it is officially required for this exact marking. - The illustration should visually communicate: PARKING PROHIBITED, while stopping remains permitted. - Keep the marking technically simple and faithful to Moroccan road-sign regulations.  SCENE: Show a clean section of Moroccan roadway with the yellow discontinuous line clearly painted along the road edge. Use only a minimal amount of surrounding environment so the road marking remains immediately recognizable. No unnecessary vehicles, buildings, signs, traffic lights, or decorative objects.  STYLE: - Premium hand-drawn Moroccan Highway Code educational icon - Pencil + colored pencil + marker - Visible pencil texture - Subtle cross-hatching - Slightly imperfect dark outlines - Flat 2D illustration - Clean and professional - Educational driving-school illustration - Soft natural colors - Textured gray asphalt - Bold blue rounded-square frame exactly matching the reference  DO NOT INCLUDE: - Any text - Any labels - Any letters - Any numbers - Any watermark - Any logo - Any traffic sign unless strictly necessary - Any red-and-white curb - Any blue/red European parking symbol - Any French road-sign design - Any generic international road marking - Photorealism - 3D - Gradient - Shadow - Glow  FINAL REQUIREMENT: The result must look like an official-Moroccan-Code-inspired educational icon from the SAME visual collection as the reference image.  Accuracy to the MOROCCAN Highway Code has priority over artistic interpretation."" size 1:1"
Create a premium educational illustration based STRICTLY on the official Moroccan Highway Code and Moroccan road-sign regulations.  TOPIC: coolant_check COUNTRY / STANDARD: Morocco 🇲🇦 Use ONLY the Moroccan road-sign system, Moroccan road markings, colors, shapes, proportions, and meanings. DO NOT use French, European, American, or generic international road-sign conventions.  REFERENCE STYLE: Use the attached reference image ONLY as a visual STYLE reference. Match its: - hand-drawn pencil and colored-pencil rendering - visible pencil strokes - subtle cross-hatching - slightly imperfect handmade outlines - flat 2D educational illustration - textured asphalt - natural soft coloring - thick blue rounded-square frame - centered composition - clean driving-school educational icon aesthetic  IMPORTANT — MOROCCAN ROAD CODE ACCURACY: The illustrated road marking must correspond to the official Moroccan road code.  For TOPIC = "no_parking_marking": - Represent the Moroccan horizontal road marking used to indicate PROHIBITION OF PARKING. - Use a YELLOW DISCONTINUOUS LINE along the edge of the roadway / curb. - The yellow marking must be clearly visible and must be the main subject. - Do NOT replace it with a red-and-white curb. - Do NOT use a European-style blue/red parking symbol. - Do NOT invent a road marking that is not part of the Moroccan system. - Do NOT add a "P" symbol unless it is officially required for this exact marking. - The illustration should visually communicate: PARKING PROHIBITED, while stopping remains permitted. - Keep the marking technically simple and faithful to Moroccan road-sign regulations.  SCENE: Show a clean section of Moroccan roadway with the yellow discontinuous line clearly painted along the road edge. Use only a minimal amount of surrounding environment so the road marking remains immediately recognizable. No unnecessary vehicles, buildings, signs, traffic lights, or decorative objects.  STYLE: - Premium hand-drawn Moroccan Highway Code educational icon - Pencil + colored pencil + marker - Visible pencil texture - Subtle cross-hatching - Slightly imperfect dark outlines - Flat 2D illustration - Clean and professional - Educational driving-school illustration - Soft natural colors - Textured gray asphalt - Bold blue rounded-square frame exactly matching the reference  DO NOT INCLUDE: - Any text - Any labels - Any letters - Any numbers - Any watermark - Any logo - Any traffic sign unless strictly necessary - Any red-and-white curb - Any blue/red European parking symbol - Any French road-sign design - Any generic international road marking - Photorealism - 3D - Gradient - Shadow - Glow  FINAL REQUIREMENT: The result must look like an official-Moroccan-Code-inspired educational icon from the SAME visual collection as the reference image.  Accuracy to the MOROCCAN Highway Code has priority over artistic interpretation."" size 1:1"
Create a premium educational illustration based STRICTLY on the official Moroccan Highway Code and Moroccan road-sign regulations.  TOPIC: brake_fluid_check COUNTRY / STANDARD: Morocco 🇲🇦 Use ONLY the Moroccan road-sign system, Moroccan road markings, colors, shapes, proportions, and meanings. DO NOT use French, European, American, or generic international road-sign conventions.  REFERENCE STYLE: Use the attached reference image ONLY as a visual STYLE reference. Match its: - hand-drawn pencil and colored-pencil rendering - visible pencil strokes - subtle cross-hatching - slightly imperfect handmade outlines - flat 2D educational illustration - textured asphalt - natural soft coloring - thick blue rounded-square frame - centered composition - clean driving-school educational icon aesthetic  IMPORTANT — MOROCCAN ROAD CODE ACCURACY: The illustrated road marking must correspond to the official Moroccan road code.  For TOPIC = "no_parking_marking": - Represent the Moroccan horizontal road marking used to indicate PROHIBITION OF PARKING. - Use a YELLOW DISCONTINUOUS LINE along the edge of the roadway / curb. - The yellow marking must be clearly visible and must be the main subject. - Do NOT replace it with a red-and-white curb. - Do NOT use a European-style blue/red parking symbol. - Do NOT invent a road marking that is not part of the Moroccan system. - Do NOT add a "P" symbol unless it is officially required for this exact marking. - The illustration should visually communicate: PARKING PROHIBITED, while stopping remains permitted. - Keep the marking technically simple and faithful to Moroccan road-sign regulations.  SCENE: Show a clean section of Moroccan roadway with the yellow discontinuous line clearly painted along the road edge. Use only a minimal amount of surrounding environment so the road marking remains immediately recognizable. No unnecessary vehicles, buildings, signs, traffic lights, or decorative objects.  STYLE: - Premium hand-drawn Moroccan Highway Code educational icon - Pencil + colored pencil + marker - Visible pencil texture - Subtle cross-hatching - Slightly imperfect dark outlines - Flat 2D illustration - Clean and professional - Educational driving-school illustration - Soft natural colors - Textured gray asphalt - Bold blue rounded-square frame exactly matching the reference  DO NOT INCLUDE: - Any text - Any labels - Any letters - Any numbers - Any watermark - Any logo - Any traffic sign unless strictly necessary - Any red-and-white curb - Any blue/red European parking symbol - Any French road-sign design - Any generic international road marking - Photorealism - 3D - Gradient - Shadow - Glow  FINAL REQUIREMENT: The result must look like an official-Moroccan-Code-inspired educational icon from the SAME visual collection as the reference image.  Accuracy to the MOROCCAN Highway Code has priority over artistic interpretation."" size 1:1"
Create a premium educational illustration based STRICTLY on the official Moroccan Highway Code and Moroccan road-sign regulations.  TOPIC: windshield_fluid COUNTRY / STANDARD: Morocco 🇲🇦 Use ONLY the Moroccan road-sign system, Moroccan road markings, colors, shapes, proportions, and meanings. DO NOT use French, European, American, or generic international road-sign conventions.  REFERENCE STYLE: Use the attached reference image ONLY as a visual STYLE reference. Match its: - hand-drawn pencil and colored-pencil rendering - visible pencil strokes - subtle cross-hatching - slightly imperfect handmade outlines - flat 2D educational illustration - textured asphalt - natural soft coloring - thick blue rounded-square frame - centered composition - clean driving-school educational icon aesthetic  IMPORTANT — MOROCCAN ROAD CODE ACCURACY: The illustrated road marking must correspond to the official Moroccan road code.  For TOPIC = "no_parking_marking": - Represent the Moroccan horizontal road marking used to indicate PROHIBITION OF PARKING. - Use a YELLOW DISCONTINUOUS LINE along the edge of the roadway / curb. - The yellow marking must be clearly visible and must be the main subject. - Do NOT replace it with a red-and-white curb. - Do NOT use a European-style blue/red parking symbol. - Do NOT invent a road marking that is not part of the Moroccan system. - Do NOT add a "P" symbol unless it is officially required for this exact marking. - The illustration should visually communicate: PARKING PROHIBITED, while stopping remains permitted. - Keep the marking technically simple and faithful to Moroccan road-sign regulations.  SCENE: Show a clean section of Moroccan roadway with the yellow discontinuous line clearly painted along the road edge. Use only a minimal amount of surrounding environment so the road marking remains immediately recognizable. No unnecessary vehicles, buildings, signs, traffic lights, or decorative objects.  STYLE: - Premium hand-drawn Moroccan Highway Code educational icon - Pencil + colored pencil + marker - Visible pencil texture - Subtle cross-hatching - Slightly imperfect dark outlines - Flat 2D illustration - Clean and professional - Educational driving-school illustration - Soft natural colors - Textured gray asphalt - Bold blue rounded-square frame exactly matching the reference  DO NOT INCLUDE: - Any text - Any labels - Any letters - Any numbers - Any watermark - Any logo - Any traffic sign unless strictly necessary - Any red-and-white curb - Any blue/red European parking symbol - Any French road-sign design - Any generic international road marking - Photorealism - 3D - Gradient - Shadow - Glow  FINAL REQUIREMENT: The result must look like an official-Moroccan-Code-inspired educational icon from the SAME visual collection as the reference image.  Accuracy to the MOROCCAN Highway Code has priority over artistic interpretation."" size 1:1"
Create a premium educational illustration based STRICTLY on the official Moroccan Highway Code and Moroccan road-sign regulations.  TOPIC: oil_change COUNTRY / STANDARD: Morocco 🇲🇦 Use ONLY the Moroccan road-sign system, Moroccan road markings, colors, shapes, proportions, and meanings. DO NOT use French, European, American, or generic international road-sign conventions.  REFERENCE STYLE: Use the attached reference image ONLY as a visual STYLE reference. Match its: - hand-drawn pencil and colored-pencil rendering - visible pencil strokes - subtle cross-hatching - slightly imperfect handmade outlines - flat 2D educational illustration - textured asphalt - natural soft coloring - thick blue rounded-square frame - centered composition - clean driving-school educational icon aesthetic  IMPORTANT — MOROCCAN ROAD CODE ACCURACY: The illustrated road marking must correspond to the official Moroccan road code.  For TOPIC = "no_parking_marking": - Represent the Moroccan horizontal road marking used to indicate PROHIBITION OF PARKING. - Use a YELLOW DISCONTINUOUS LINE along the edge of the roadway / curb. - The yellow marking must be clearly visible and must be the main subject. - Do NOT replace it with a red-and-white curb. - Do NOT use a European-style blue/red parking symbol. - Do NOT invent a road marking that is not part of the Moroccan system. - Do NOT add a "P" symbol unless it is officially required for this exact marking. - The illustration should visually communicate: PARKING PROHIBITED, while stopping remains permitted. - Keep the marking technically simple and faithful to Moroccan road-sign regulations.  SCENE: Show a clean section of Moroccan roadway with the yellow discontinuous line clearly painted along the road edge. Use only a minimal amount of surrounding environment so the road marking remains immediately recognizable. No unnecessary vehicles, buildings, signs, traffic lights, or decorative objects.  STYLE: - Premium hand-drawn Moroccan Highway Code educational icon - Pencil + colored pencil + marker - Visible pencil texture - Subtle cross-hatching - Slightly imperfect dark outlines - Flat 2D illustration - Clean and professional - Educational driving-school illustration - Soft natural colors - Textured gray asphalt - Bold blue rounded-square frame exactly matching the reference  DO NOT INCLUDE: - Any text - Any labels - Any letters - Any numbers - Any watermark - Any logo - Any traffic sign unless strictly necessary - Any red-and-white curb - Any blue/red European parking symbol - Any French road-sign design - Any generic international road marking - Photorealism - 3D - Gradient - Shadow - Glow  FINAL REQUIREMENT: The result must look like an official-Moroccan-Code-inspired educational icon from the SAME visual collection as the reference image.  Accuracy to the MOROCCAN Highway Code has priority over artistic interpretation."" size 1:1"
Create a premium educational illustration based STRICTLY on the official Moroccan Highway Code and Moroccan road-sign regulations.  TOPIC: oil_warning_light COUNTRY / STANDARD: Morocco 🇲🇦 Use ONLY the Moroccan road-sign system, Moroccan road markings, colors, shapes, proportions, and meanings. DO NOT use French, European, American, or generic international road-sign conventions.  REFERENCE STYLE: Use the attached reference image ONLY as a visual STYLE reference. Match its: - hand-drawn pencil and colored-pencil rendering - visible pencil strokes - subtle cross-hatching - slightly imperfect handmade outlines - flat 2D educational illustration - textured asphalt - natural soft coloring - thick blue rounded-square frame - centered composition - clean driving-school educational icon aesthetic  IMPORTANT — MOROCCAN ROAD CODE ACCURACY: The illustrated road marking must correspond to the official Moroccan road code.  For TOPIC = "no_parking_marking": - Represent the Moroccan horizontal road marking used to indicate PROHIBITION OF PARKING. - Use a YELLOW DISCONTINUOUS LINE along the edge of the roadway / curb. - The yellow marking must be clearly visible and must be the main subject. - Do NOT replace it with a red-and-white curb. - Do NOT use a European-style blue/red parking symbol. - Do NOT invent a road marking that is not part of the Moroccan system. - Do NOT add a "P" symbol unless it is officially required for this exact marking. - The illustration should visually communicate: PARKING PROHIBITED, while stopping remains permitted. - Keep the marking technically simple and faithful to Moroccan road-sign regulations.  SCENE: Show a clean section of Moroccan roadway with the yellow discontinuous line clearly painted along the road edge. Use only a minimal amount of surrounding environment so the road marking remains immediately recognizable. No unnecessary vehicles, buildings, signs, traffic lights, or decorative objects.  STYLE: - Premium hand-drawn Moroccan Highway Code educational icon - Pencil + colored pencil + marker - Visible pencil texture - Subtle cross-hatching - Slightly imperfect dark outlines - Flat 2D illustration - Clean and professional - Educational driving-school illustration - Soft natural colors - Textured gray asphalt - Bold blue rounded-square frame exactly matching the reference  DO NOT INCLUDE: - Any text - Any labels - Any letters - Any numbers - Any watermark - Any logo - Any traffic sign unless strictly necessary - Any red-and-white curb - Any blue/red European parking symbol - Any French road-sign design - Any generic international road marking - Photorealism - 3D - Gradient - Shadow - Glow  FINAL REQUIREMENT: The result must look like an official-Moroccan-Code-inspired educational icon from the SAME visual collection as the reference image.  Accuracy to the MOROCCAN Highway Code has priority over artistic interpretation."" size 1:1"
Create a premium educational illustration based STRICTLY on the official Moroccan Highway Code and Moroccan road-sign regulations.  TOPIC: transmission_fluid COUNTRY / STANDARD: Morocco 🇲🇦 Use ONLY the Moroccan road-sign system, Moroccan road markings, colors, shapes, proportions, and meanings. DO NOT use French, European, American, or generic international road-sign conventions.  REFERENCE STYLE: Use the attached reference image ONLY as a visual STYLE reference. Match its: - hand-drawn pencil and colored-pencil rendering - visible pencil strokes - subtle cross-hatching - slightly imperfect handmade outlines - flat 2D educational illustration - textured asphalt - natural soft coloring - thick blue rounded-square frame - centered composition - clean driving-school educational icon aesthetic  IMPORTANT — MOROCCAN ROAD CODE ACCURACY: The illustrated road marking must correspond to the official Moroccan road code.  For TOPIC = "no_parking_marking": - Represent the Moroccan horizontal road marking used to indicate PROHIBITION OF PARKING. - Use a YELLOW DISCONTINUOUS LINE along the edge of the roadway / curb. - The yellow marking must be clearly visible and must be the main subject. - Do NOT replace it with a red-and-white curb. - Do NOT use a European-style blue/red parking symbol. - Do NOT invent a road marking that is not part of the Moroccan system. - Do NOT add a "P" symbol unless it is officially required for this exact marking. - The illustration should visually communicate: PARKING PROHIBITED, while stopping remains permitted. - Keep the marking technically simple and faithful to Moroccan road-sign regulations.  SCENE: Show a clean section of Moroccan roadway with the yellow discontinuous line clearly painted along the road edge. Use only a minimal amount of surrounding environment so the road marking remains immediately recognizable. No unnecessary vehicles, buildings, signs, traffic lights, or decorative objects.  STYLE: - Premium hand-drawn Moroccan Highway Code educational icon - Pencil + colored pencil + marker - Visible pencil texture - Subtle cross-hatching - Slightly imperfect dark outlines - Flat 2D illustration - Clean and professional - Educational driving-school illustration - Soft natural colors - Textured gray asphalt - Bold blue rounded-square frame exactly matching the reference  DO NOT INCLUDE: - Any text - Any labels - Any letters - Any numbers - Any watermark - Any logo - Any traffic sign unless strictly necessary - Any red-and-white curb - Any blue/red European parking symbol - Any French road-sign design - Any generic international road marking - Photorealism - 3D - Gradient - Shadow - Glow  FINAL REQUIREMENT: The result must look like an official-Moroccan-Code-inspired educational icon from the SAME visual collection as the reference image.  Accuracy to the MOROCCAN Highway Code has priority over artistic interpretation."" size 1:1"
Create a premium educational illustration based STRICTLY on the official Moroccan Highway Code and Moroccan road-sign regulations.  TOPIC: power_steering_fluid COUNTRY / STANDARD: Morocco 🇲🇦 Use ONLY the Moroccan road-sign system, Moroccan road markings, colors, shapes, proportions, and meanings. DO NOT use French, European, American, or generic international road-sign conventions.  REFERENCE STYLE: Use the attached reference image ONLY as a visual STYLE reference. Match its: - hand-drawn pencil and colored-pencil rendering - visible pencil strokes - subtle cross-hatching - slightly imperfect handmade outlines - flat 2D educational illustration - textured asphalt - natural soft coloring - thick blue rounded-square frame - centered composition - clean driving-school educational icon aesthetic  IMPORTANT — MOROCCAN ROAD CODE ACCURACY: The illustrated road marking must correspond to the official Moroccan road code.  For TOPIC = "no_parking_marking": - Represent the Moroccan horizontal road marking used to indicate PROHIBITION OF PARKING. - Use a YELLOW DISCONTINUOUS LINE along the edge of the roadway / curb. - The yellow marking must be clearly visible and must be the main subject. - Do NOT replace it with a red-and-white curb. - Do NOT use a European-style blue/red parking symbol. - Do NOT invent a road marking that is not part of the Moroccan system. - Do NOT add a "P" symbol unless it is officially required for this exact marking. - The illustration should visually communicate: PARKING PROHIBITED, while stopping remains permitted. - Keep the marking technically simple and faithful to Moroccan road-sign regulations.  SCENE: Show a clean section of Moroccan roadway with the yellow discontinuous line clearly painted along the road edge. Use only a minimal amount of surrounding environment so the road marking remains immediately recognizable. No unnecessary vehicles, buildings, signs, traffic lights, or decorative objects.  STYLE: - Premium hand-drawn Moroccan Highway Code educational icon - Pencil + colored pencil + marker - Visible pencil texture - Subtle cross-hatching - Slightly imperfect dark outlines - Flat 2D illustration - Clean and professional - Educational driving-school illustration - Soft natural colors - Textured gray asphalt - Bold blue rounded-square frame exactly matching the reference  DO NOT INCLUDE: - Any text - Any labels - Any letters - Any numbers - Any watermark - Any logo - Any traffic sign unless strictly necessary - Any red-and-white curb - Any blue/red European parking symbol - Any French road-sign design - Any generic international road marking - Photorealism - 3D - Gradient - Shadow - Glow  FINAL REQUIREMENT: The result must look like an official-Moroccan-Code-inspired educational icon from the SAME visual collection as the reference image.  Accuracy to the MOROCCAN Highway Code has priority over artistic interpretation."" size 1:1"
Create a premium educational illustration based STRICTLY on the official Moroccan Highway Code and Moroccan road-sign regulations.  TOPIC: fluid_leak COUNTRY / STANDARD: Morocco 🇲🇦 Use ONLY the Moroccan road-sign system, Moroccan road markings, colors, shapes, proportions, and meanings. DO NOT use French, European, American, or generic international road-sign conventions.  REFERENCE STYLE: Use the attached reference image ONLY as a visual STYLE reference. Match its: - hand-drawn pencil and colored-pencil rendering - visible pencil strokes - subtle cross-hatching - slightly imperfect handmade outlines - flat 2D educational illustration - textured asphalt - natural soft coloring - thick blue rounded-square frame - centered composition - clean driving-school educational icon aesthetic  IMPORTANT — MOROCCAN ROAD CODE ACCURACY: The illustrated road marking must correspond to the official Moroccan road code.  For TOPIC = "no_parking_marking": - Represent the Moroccan horizontal road marking used to indicate PROHIBITION OF PARKING. - Use a YELLOW DISCONTINUOUS LINE along the edge of the roadway / curb. - The yellow marking must be clearly visible and must be the main subject. - Do NOT replace it with a red-and-white curb. - Do NOT use a European-style blue/red parking symbol. - Do NOT invent a road marking that is not part of the Moroccan system. - Do NOT add a "P" symbol unless it is officially required for this exact marking. - The illustration should visually communicate: PARKING PROHIBITED, while stopping remains permitted. - Keep the marking technically simple and faithful to Moroccan road-sign regulations.  SCENE: Show a clean section of Moroccan roadway with the yellow discontinuous line clearly painted along the road edge. Use only a minimal amount of surrounding environment so the road marking remains immediately recognizable. No unnecessary vehicles, buildings, signs, traffic lights, or decorative objects.  STYLE: - Premium hand-drawn Moroccan Highway Code educational icon - Pencil + colored pencil + marker - Visible pencil texture - Subtle cross-hatching - Slightly imperfect dark outlines - Flat 2D illustration - Clean and professional - Educational driving-school illustration - Soft natural colors - Textured gray asphalt - Bold blue rounded-square frame exactly matching the reference  DO NOT INCLUDE: - Any text - Any labels - Any letters - Any numbers - Any watermark - Any logo - Any traffic sign unless strictly necessary - Any red-and-white curb - Any blue/red European parking symbol - Any French road-sign design - Any generic international road marking - Photorealism - 3D - Gradient - Shadow - Glow  FINAL REQUIREMENT: The result must look like an official-Moroccan-Code-inspired educational icon from the SAME visual collection as the reference image.  Accuracy to the MOROCCAN Highway Code has priority over artistic interpretation."" size 1:1"
Create a premium educational illustration based STRICTLY on the official Moroccan Highway Code and Moroccan road-sign regulations.  TOPIC: regular_vehicle_maintenance COUNTRY / STANDARD: Morocco 🇲🇦 Use ONLY the Moroccan road-sign system, Moroccan road markings, colors, shapes, proportions, and meanings. DO NOT use French, European, American, or generic international road-sign conventions.  REFERENCE STYLE: Use the attached reference image ONLY as a visual STYLE reference. Match its: - hand-drawn pencil and colored-pencil rendering - visible pencil strokes - subtle cross-hatching - slightly imperfect handmade outlines - flat 2D educational illustration - textured asphalt - natural soft coloring - thick blue rounded-square frame - centered composition - clean driving-school educational icon aesthetic  IMPORTANT — MOROCCAN ROAD CODE ACCURACY: The illustrated road marking must correspond to the official Moroccan road code.  For TOPIC = "no_parking_marking": - Represent the Moroccan horizontal road marking used to indicate PROHIBITION OF PARKING. - Use a YELLOW DISCONTINUOUS LINE along the edge of the roadway / curb. - The yellow marking must be clearly visible and must be the main subject. - Do NOT replace it with a red-and-white curb. - Do NOT use a European-style blue/red parking symbol. - Do NOT invent a road marking that is not part of the Moroccan system. - Do NOT add a "P" symbol unless it is officially required for this exact marking. - The illustration should visually communicate: PARKING PROHIBITED, while stopping remains permitted. - Keep the marking technically simple and faithful to Moroccan road-sign regulations.  SCENE: Show a clean section of Moroccan roadway with the yellow discontinuous line clearly painted along the road edge. Use only a minimal amount of surrounding environment so the road marking remains immediately recognizable. No unnecessary vehicles, buildings, signs, traffic lights, or decorative objects.  STYLE: - Premium hand-drawn Moroccan Highway Code educational icon - Pencil + colored pencil + marker - Visible pencil texture - Subtle cross-hatching - Slightly imperfect dark outlines - Flat 2D illustration - Clean and professional - Educational driving-school illustration - Soft natural colors - Textured gray asphalt - Bold blue rounded-square frame exactly matching the reference  DO NOT INCLUDE: - Any text - Any labels - Any letters - Any numbers - Any watermark - Any logo - Any traffic sign unless strictly necessary - Any red-and-white curb - Any blue/red European parking symbol - Any French road-sign design - Any generic international road marking - Photorealism - 3D - Gradient - Shadow - Glow  FINAL REQUIREMENT: The result must look like an official-Moroccan-Code-inspired educational icon from the SAME visual collection as the reference image.  Accuracy to the MOROCCAN Highway Code has priority over artistic interpretation."" size 1:1"